place_name,place_info,corpus,"coordinates (y, x)",query,
벤치1,공대(공과대학) 1호관 정문 앞 벤치,"공대(공과대학) 1호관의 정문 앞 잔디밭에는 나무 벤치가 설치되어 있습니다.
공대(공과대학) 1호관에서 수업을 들은 학생들은 공대(공과대학) 1호관 정문 앞에 있는 벤치에 앉아서 휴식을 취할 수 있습니다.
공대(공과대학) 1호관 정문 앞 나무 벤치는 주변에 나무가 많고 앞에 큰 돌이 있어요.
공대(공과대학) 1호관 정문에 자리 잡은 벤치는 흡연구역과 가깝게 위치합니다.","35.8462, 127.1331","공대 1호관 정문 앞 잔디밭에 있는 나무 벤치가 어디있나요?
공대 1호관 벤치에서 만나기로 한 사람이 있는데, 정확한 위치를 알려줄 수 있나요?
공대 1호관 정문 앞의 나무 벤치로 가는 가장 빠른 길은 무엇인가요?
공대 1호관 정문 앞에 있는 큰 돌 옆 나무 벤치에 도착했습니다.
공대 1호관 정문 앞 나무 벤치로 와주세요.
공대 1호관 정문 앞에 있는 벤치로 가주실 수 있나요?
공대 1호관 정문 근처의 흡연구역 옆에 있는 벤치로 와주세요, 여기서 기다리고 있을게요.
공대 1호관 정문 앞 잔디밭의 나무 벤치는 어느 쪽에 위치해 있나요?
공대 1호관 벤치로 와주실 수 있나요? 수업 후 여기서 만나기로 했어요.
공대 1호관 정문 앞 벤치에 앉아 있어요. ",공대 1호관 앞에 벤치 있는데 그쪽으로 와주세요.
벤치2,공대(공과대학) 편의점 앞 벤치,"공대(공과대학) 편의점 근처에는 학생들이 즐겨 찾는 벤치가 있습니다.
공대(공과대학) 편의점 앞의 벤치는 종종 학생들의 흡연 장소로 활용됩니다.
공대(공과대학) 편의점 앞 벤치는 공대(공과대학) 1호관 뒤에 있습니다.
공대(공과대학)의 편의점 옆에 위치한 벤치 근처에는 인쇄소가 있습니다.","35.846867, 127.132542","공대 편의점 앞에 있는 벤치로 가주세요.
공대 1호관 뒤편에 위치한 벤치에 도착하려면 어디로 가야 하나요?
공대 편의점 옆 인쇄소 근처의 벤치는 정확히 어디에 위치해 있나요?
공대 편의점 앞 벤치로 가려면 어느 방향으로 가야 하나요?
공대 편의점 근처 벤치에서 만나기로 한 사람이 있는데, 그 벤치는 편의점 어느 쪽에 있나요?
공대 편의점 앞 벤치의 위치는 어떻게 되나요?
공대 편의점 옆 벤치에 도착했는데, 여기가 맞나요? 주변에 인쇄소가 보이나요?
공대 편의점 근처에 있는 벤치에 있습니다.
공대 편의점 앞 벤치에서 기다리고 있을게요. 여기는 공대 1호관 뒤쪽인데, 어떻게 찾을 수 있을까요?
공대 편의점 옆 벤치로 와주실 수 있나요? 여기서 만나려고 합니다.",공대 CU 앞 벤치
벤치3,공대(공과대학) 2호관 옆 벤치,"공대(공과대학) 2호관 옆에는 벤치들이 위치해 있습니다.
공대(공과대학) 2호관 옆에 있는 벤치들 위에는 천막이 있어 비를 피할 수 있어요.
공대(공과대학) 2호관 옆에는 벤치와 테이블 여러 개가 있습니다.
공대(공과대학) 2호관 옆의 벤치에서 흡연하는 사람들이 많습니다.","35.8472, 127.1318","공대 2호관 옆에 있는 벤치들이 있는 길은 어디인가요?
공대 2호관 옆 벤치들 위의 천막 아래에서 만나요.
공대 2호관 옆에 있는 벤치와 테이블이 있는 곳은 2호관의 어느 쪽에 위치해 있나요?
공대 2호관 옆 벤치에서 흡연하는 사람들을 만나려면 어디로 가야 하나요?
공대 2호관 옆 나무 벤치는 어디있죠?
공대 2호관 옆 벤치들 근처에서 만나기로 한 사람이 있는데, 그 벤치들은 2호관 어느 쪽에 있나요?
공대 2호관 옆 벤치 천막 아래에서 비를 피하세요.
공대 2호관 옆 벤치에 도착했는데, 여기가 맞나요?
공대 2호관 옆에 있는 벤치로 와주세요.
공대 2호관 옆 벤치에서 기다리고 있을게요. 여기는 천막이 있는 곳인데, 어떻게 찾을 수 있을까요?",
벤치3,공대(공과대학) 1호관과 공대(공과대학) 4호관 사이 벤치,"공대(공과대학) 1호관과 4호관 사이의 벤치는 두 건물 사이에 편의 시설을 제공합니다.
공대(공과대학) 1호관과 4호관 사이의 벤치 옆에는 주차장이 있어요.
공대(공과대학) 1호관과 4호관 사이에 위치한 벤치 앞에는 도서관으로 빠르게 갈 수 있는 계단이 있어요.
공대(공과대학) 1호관과 공대(공과대학) 4호관 사이의 벤치는 학생들의 휴식 공간으로 인기있는 장소입니다.","35.8472, 127.1318","공대 1호관과 4호관 사이에 있는 벤치는 어디있나요?
공대 1호관과 4호관 사이 벤치 옆의 주차장에 차를 세우고 벤치로 가려면 어디로 가야하나요?
공대 1호관과 4호관 사이에 위치한 벤치 앞 계단을 통해 도서관으로 가려면 어떻게 해야 하나요?
공대 1호관과 4호관 사이의 벤치는 두 건물 사이 어디에 위치해 있나요?
공대 1호관과 4호관 사이 벤치에서 만나기로 한 사람이 있는데, 그 벤치는 어디에 있나요?
공대 1호관과 4호관 사이에 있는 벤치로 가려면 어느 방향으로 가야 하나요?
공대 1호관과 4호관 사이 벤치 근처에는 주차장도 있으니 그 쪽으로 와주세요.
공대 1호관과 4호관 사이의 벤치 근처에서 만나기로 한 사람을 찾으려면 어떻게 해야 하나요?
공대 1호관과 4호관 사이에 있는 벤치로 어떻게 가야 합니까?
공대 1호관과 4호관 사이의 벤치에서 기다리고 있을게요. 


",
벤치4,공대(공과대학) 2호관 정문 벤치,"공대(공과대학) 2호관 정문 앞의 벤치 앞에는 주차장이 있습니다.
공대(공과대학) 2호관 정문 앞 벤치는 공대(공과대학) 2호관 근처 나무들 사이에 있습니다.
공대(공과대학) 2호관 정문에 위치한 벤치 근처에서 흡연하는 사람들이 많습니다.
공대(공과대학) 2호관 정문 앞 벤치 뒤에는 학군단 건물이 있어요.","35.8463, 127.1316","공대 2호관 정문 앞 벤치 앞에 있는 주차장으로 가는 가장 빠른 길은 어디인가요?
공대 2호관 근처 나무들 사이에 있는 벤치를 찾으려면 어떤 길을 따라가야 하나요?
공대 2호관 정문에 위치한 벤치 근처의 흡연 장소로 가려면 어디로 가야 하나요?
공대 2호관 정문 앞 벤치 뒤에 있는 학군단 건물로 어떻게 가나요?
공대 2호관 정문 앞 벤치에서 만나기로 한 사람이 있는데, 그 벤치는 2호관의 어느 쪽에 있나요?
공대 2호관 정문 앞에 있는 벤치로 가려면 어느 방향으로 가야 하나요?
공대 2호관 정문 앞 벤치 근처에 있는 주차장은 정확히 어디에 위치해 있나요?
공대 2호관 정문 앞 벤치 근처에서 만나기로 한 사람을 찾으려면 어떻게 해야 하나요?
공대 2호관 정문 앞에 있는 벤치로 어떻게 가야 합니까?
공대 2호관 정문 앞 벤치에서 기다리고 있을게요. 여기는 학군단 건물 뒤쪽인데, 어떻게 찾을 수 있을까요?",
벤치5,공대(공과대학) 3호관과 공대(공과대학) 9호관 사이 벤치,"공대(공과대학) 3호관과 9호관 사이의 벤치는 지붕이 있어요.
공대(공과대학) 3호관과 9호관 사이의 벤치옆에는 자전거 주차장이 있습니다.
공대(공과대학) 3호관과 공대(공과대학) 9호관 사이에는 벤치가 위치해 있습니다.
공대(공과대학) 3호관과 9호관 사이에 위치한 벤치는 학생들이 흡연을 위해 즐겨 찾는 장소입니다.","35.847292, 127.133700","공대 3호관과 9호관 사이의 지붕이 있는 벤치로 배달해 주실 수 있나요?
공대 3호관과 9호관 사이, 자전거 주차장 옆 벤치에서 친구를 만날 예정입니다 여기로 와 주세요.
공대 3호관과 9호관 사이의 흡연 가능 벤치 지역으로 음식을 배달 부탁드립니다.
공대 3호관과 9호관 사이에 위치한 벤치에서 손님을 기다릴게요 이곳으로 오시면 됩니다.
3호관과 9호관 사이 벤치로 오실 때, 자전거 주차장을 참고하세요 그곳에서 만나요.
공대 3호관과 9호관 사이 벤치에서 기다리고 있을게요 여기로 배달 부탁드립니다.
3호관과 9호관 사이의 지붕 아래 벤치에서 친구를 만나려 합니다 여기로 오실 수 있나요?
공대 3호관과 9호관 사이에 있는 벤치 근처로 배달 부탁드립니다 정확한 위치는 자전거 주차장 바로 옆입니다.
공대 3호관과 9호관 사이의 벤치에서 손님을 맞이하려고 합니다 이곳으로 와 주실 수 있나요?
배달 도착하시면, 공대 3호관과 9호관 사이의 벤치로 오시면 됩니다 벤치는 지붕이 있는 곳에 있어요.",
벤치6,자연대(자연과학대학) 본관 후문 정자,"자연대(자연과학대학) 본관 후문 정자는 학생들이 잠시 휴식을 취하거나 짧은 대화를 하는 데 적합합니다.
자연대(자연과학대학) 본관 후문 정자는 도로변 근처에 위치해 있어요.
자연대(자연과학대학) 본관 후문 정자 옆에는 주차장이 있습니다.
자연대(자연과학대학) 본관 후문 정자는 구석진 곳에 있습니다.","35.8476, 127.1303","자연대 본관 후문 정자로 배달해 주실 수 있나요?
자연대 본관 후문 정자 근처 도로변에서 친구를 만날 예정입니다 여기로 와 주세요.
자연대 본관 후문 정자 옆 주차장으로 음식을 배달 부탁드립니다.
자연대 본관 후문 정자에서 손님을 기다릴게요 이곳으로 오시면 됩니다.
자연대 본관 후문 정자로 오실 때, 주차장을 참고하세요 그곳에서 만나요.
자연대 본관 후문 정자에서 기다리고 있을게요 여기로 배달 부탁드립니다.
자연대 본관 후문 정자에서 친구를 만나려 합니다 여기로 오실 수 있나요?
자연대 본관 후문 정자 근처로 배달 부탁드립니다 정확한 위치는 주차장 바로 옆입니다.
자연대 본관 후문 정자에서 손님을 맞이하려고 합니다 이곳으로 와 주실 수 있나요?
배달 도착하시면, 자연대 본관 후문 정자로 오시면 됩니다 구석진 곳에 위치해 있어요.",
벤치7,공대(공과대학) 4호관과 공대(공과대학) 5호관 사이 벤치,"공대(공과대학) 4호관과 공대(공과대학) 5호관 사이에는 벤치가 있습니다.
중앙도서관에서 공대(공과대학) 2호관으로 올라오는 계단 앞에는 벤치가 있습니다.
공대(공과대학) 4호관 벤치 앞에는 지쿠터 주차장이 있습니다.
공대(공과대학) 5호관 벤치에서는 중앙도서관과도 가깝습니다.","35.8476, 127.1313","공대 4호관과 5호관 사이에 있는 벤치로 배달해 주실 수 있나요?
중앙도서관에서 공대 2호관으로 올라오는 계단 앞 벤치에서 친구를 만날 예정입니다 여기로 와 주세요.
공대 4호관 벤치 앞 지쿠터 주차장으로 음식을 배달 부탁드립니다.
공대 5호관 벤치에서 손님을 기다릴게요 이곳으로 오시면 됩니다.
공대 4호관과 5호관 사이 벤치로 오실 때, 주변 건물을 참고하세요 그곳에서 만나요.
중앙도서관 옆 공대 2호관 계단 앞 벤치에서 기다리고 있을게요 여기로 배달 부탁드립니다.
공대 4호관 벤치 앞에서 친구를 만나려 합니다 여기로 오실 수 있나요?
공대 5호관 벤치 근처로 배달 부탁드립니다 정확한 위치는 중앙도서관 바로 옆입니다.
공대 4호관 벤치 앞 지쿠터 주차장에서 손님을 맞이하려고 합니다 이곳으로 와 주실 수 있나요?
배달 도착하시면, 공대 5호관 벤치로 오시면 됩니다 중앙도서관과 가까운 위치에 있어요.",
벤치8,공대(공과대학) 6호관 정문 벤치,"공대(공과대학) 6호관 정문 앞의 벤치는 공대(공과대학) 7호관으로 지나가는 길에 있습니다.
공대(공과대학) 6호관 정문의 벤치에는 흡연하는 사람들이 많습니다.
공대(공과대학) 6호관 정문의 벤치 옆에는 공장동이 있습니다.
공대(공과대학) 6호관 주차장과 공대(공과대학) 7호관 주차장 중간에는 벤치가 있습니다.","35.8467, 127.1342","공대 6호관 정문 앞의 벤치로 배달해 주실 수 있나요?
공대 6호관 정문의 흡연 벤치에서 친구를 만날 예정입니다 여기로 와 주세요.
공대 6호관 정문 벤치 옆 공장동으로 음식을 배달 부탁드립니다.
공대 6호관과 7호관 주차장 중간에 있는 벤치에서 손님을 기다릴게요 이곳으로 오시면 됩니다.
공대 6호관 정문 앞 벤치로 오실 때, 주변 건물을 참고하세요 그곳에서 만나요.
공대 7호관으로 지나가는 길에 있는 6호관 정문 벤치에서 기다리고 있을게요 여기로 배달 부탁드립니다.
공대 6호관 정문의 흡연 벤치에서 친구를 만나려 합니다 여기로 오실 수 있나요?
공대 6호관과 7호관 주차장 사이 벤치 근처로 배달 부탁드립니다 정확한 위치는 주차장 중간입니다.
공대 6호관 정문 벤치 옆 공장동에서 손님을 맞이하려고 합니다 이곳으로 와 주실 수 있나요?
배달 도착하시면, 공대 6호관 정문 앞의 벤치로 오시면 됩니다 7호관으로 가는 길에 위치해 있어요.",공대 부속공장 앞
벤치9,공대(공과대학) 6호관과 후생관 사이 벤치,"공대(공과대학) 6호관과 후생관 사이에는 벤치가 위치해 있습니다.
보건진료소 앞에서 후생관 앞을 지나는 길에는 벤치가 있어요.
공대(공과대학) 6호관과 후생관 사이에 위치한 벤치는 후생관에서 식사를 하기 위해 기다리는 사람들에게 적합합니다.
후생관에서 나온 학생들은 후생관과 공대(공과대학) 6호관 사이에 위치한 벤치에서 잠시 대화를 나누기도 합니다.","35.847479, 127.134503","공대 6호관과 후생관 사이에 있는 벤치로 배달해 주실 수 있나요?
보건진료소 앞에서 후생관 앞을 지나는 길의 벤치에서 친구를 만날 예정입니다 여기로 와 주세요.
공대 6호관과 후생관 사이에 위치한 식사 기다리는 벤치로 음식을 배달 부탁드립니다.
후생관과 공대 6호관 사이에 있는 벤치에서 손님을 기다릴게요 이곳으로 오시면 됩니다.
공대 6호관과 후생관 사이 벤치로 오실 때, 주변 건물을 참고하세요 그곳에서 만나요.
보건진료소 앞에서 후생관으로 가는 길에 있는 벤치에서 기다리고 있을게요 여기로 배달 부탁드립니다.
후생관에서 식사를 기다리는 사람들을 위한 벤치에서 친구를 만나려 합니다 여기로 오실 수 있나요?
후생관과 공대 6호관 사이 벤치 근처로 배달 부탁드립니다 정확한 위치는 후생관 바로 옆입니다.
공대 6호관과 후생관 사이 벤치에서 손님을 맞이하려고 합니다 이곳으로 와 주실 수 있나요?
배달 도착하시면, 공대 6호관과 후생관 사이의 벤치로 오시면 됩니다 여기서 기다리고 있을게요.",
벤치10,공대(공과대학) 7호관 정문 벤치,"공대(공과대학) 7호관 정문 옆에 있는 정자 주변에는 담배를 피우는 학생들이 많아요.
공대(공과대학) 7호관 정문 옆에는 정자와 벤치가 있습니다.
공대(공과대학) 7호관 정문 옆 정자는 근처에 흡연부스와 철봉이 있습니다.
공대(공과대학) 7호관 정문 옆 벤치는 행사나 모임을 위해 집결하는 장소로도 사용됩니다.","35.8463, 127.1337","공대 7호관 정문 옆 정자 주변으로 배달해 주실 수 있나요?
공대 7호관 정문 옆에 있는 정자와 벤치에서 친구를 만날 예정입니다 여기로 와 주세요.
공대 7호관 정문 옆 정자 근처 흡연부스로 음식을 배달 부탁드립니다.
공대 7호관 정문 옆 벤치에서 모임을 위해 손님을 기다릴게요 이곳으로 오시면 됩니다.
공대 7호관 정문 옆 정자로 오실 때, 주변 흡연부스와 철봉을 참고하세요 그곳에서 만나요.
공대 7호관 정문 옆 정자에서 담배를 피우는 학생들 근처에 있는 벤치에서 기다리고 있을게요 여기로 배달 부탁드립니다.
공대 7호관 정문 옆 정자에서 친구를 만나려 합니다 여기로 오실 수 있나요?
공대 7호관 정문 옆 벤치 근처로 배달 부탁드립니다 정확한 위치는 정문 바로 옆입니다.
공대 7호관 정문 옆 정자에서 손님을 맞이하려고 합니다 이곳으로 와 주실 수 있나요?
배달 도착하시면, 공대 7호관 정문 옆 벤치로 오시면 됩니다 여기서 기다리고 있을게요.",
벤치11,공대(공과대학) 7호관 후문 벤치,"공대(공과대학) 7호관 후문에 위치한 벤치는 학생들이 휴식을 취하는 장소로 사용됩니다.
공대(공과대학) 7호관 후문 벤치 공대(공과대학) 7호관 후문 계단 앞에 위치해 있어요.
공대(공과대학) 7호관 후문에는 벤치가 여러 개 있습니다.
공대(공과대학) 7호관에서 사대부고로 이동하는 학생들은 후문에 있는 벤치를 자주 지나갑니다.","35.845814, 127.134563","공대 7호관 후문에 위치한 벤치로 배달해 주실 수 있나요?
공대 7호관 후문 계단 앞에 있는 벤치에서 친구를 만날 예정입니다 여기로 와 주세요.
공대 7호관 후문에 있는 여러 벤치 중 하나로 음식을 배달 부탁드립니다.
사대부고로 이동하는 길에 공대 7호관 후문 벤치에서 손님을 기다릴게요 이곳으로 오시면 됩니다.
공대 7호관 후문 벤치로 오실 때, 후문 계단을 참고하세요 그곳에서 만나요.
공대 7호관 후문 벤치에서 휴식을 취하는 학생들 근처에서 기다리고 있을게요 여기로 배달 부탁드립니다.
공대 7호관 후문 계단 앞 벤치에서 친구를 만나려 합니다 여기로 오실 수 있나요?
공대 7호관 후문 벤치 근처로 배달 부탁드립니다 정확한 위치는 후문 바로 앞입니다.
공대 7호관 후문 벤치에서 손님을 맞이하려고 합니다 이곳으로 와 주실 수 있나요?
배달 도착하시면, 공대 7호관 후문에 있는 벤치로 오시면 됩니다 여기서 기다리고 있을게요.",
벤치13,자연대(자연과학대학) 본관 벤치,"자연대(자연과학대학) 본관 옆에 위치한 벤치는 도로변과 가까워요.
자연대(자연과학대학) 본관 벤치는 담배를 피우는 사람들이 자주 이용합니다.
자연대(자연과학대학) 본관 벤치 건너편에는 자연대(자연과학대학) 3호관이 있습니다.
자연대(자연과학대학) 본관과 자연대(자연과학대학 3호관에서 수업을 학생들은 자연대(자연과학대학) 본관 옆 벤치에서 잠시 휴식을 취하고는 합니다.","35.8473, 127.1301","자연대 본관 옆, 도로변에 가까운 벤치로 배달해 주실 수 있나요?
자연대 본관 벤치에서 흡연하는 사람들 근처에서 친구를 만날 예정입니다 여기로 와 주세요.
자연대 본관 벤치 건너편, 자연대 3호관 앞으로 음식을 배달 부탁드립니다.
자연대 본관과 3호관 사이 벤치에서 손님을 기다릴게요 이곳으로 오시면 됩니다.
자연대 본관 벤치로 오실 때, 도로변을 참고하세요 그곳에서 만나요.
자연대 본관 옆 벤치에서 잠시 휴식을 취하는 학생들 근처에서 기다리고 있을게요 여기로 배달 부탁드립니다.
자연대 본관 벤치에서 친구를 만나려 합니다 여기로 오실 수 있나요?
자연대 본관 벤치 근처로 배달 부탁드립니다 정확한 위치는 자연대 본관 바로 옆입니다.
자연대 본관 벤치에서 손님을 맞이하겠습니다.
자연대 본관 벤치에 물건을 두시길 바랍니다.",
벤치13,자연대(자연과학대학) 본관 정자,"자연대(자연과학대학) 본관 옆에 위치한 정자는 도로변과 가까워요.
자연대(자연과학대학) 본관 정자는 담배를 피우는 사람들이 자주 이용합니다.
자연대(자연과학대학) 본관 정자 건너편에는 자연대(자연과학대학) 3호관이 있습니다.
자연대(자연과학대학) 본관과 자연대(자연과학대학 3호관에서 수업을 학생들은 자연대(자연과학대학) 본관 옆 정자에서 잠시 휴식을 취하고는 합니다.","35.8473, 127.1301","자연대 본관 옆, 도로변에 가까운 정자로 배달해 주실 수 있나요?
자연대 본관 정자에서 흡연하는 사람들 근처에서 친구를 만날 예정입니다 여기로 와 주세요.
자연대 본관 정자 건너편, 자연대 3호관 앞으로 음식을 배달 부탁드립니다.
자연대 본관과 3호관 사이 정자에서 손님을 기다릴게요 이곳으로 오시면 됩니다.
자연대 본관 정자로 오실 때, 도로변을 참고하세요 그곳에서 만나요.
자연대 본관 옆 정자에서 잠시 휴식을 취하는 학생들 근처에서 기다리고 있을게요 여기로 배달 부탁드립니다.
자연대 본관 정자에서 친구를 만나려 합니다 여기로 오실 수 있나요?
자연대 본관 정자 근처로 배달 부탁드립니다 정확한 위치는 자연대 본관 바로 옆입니다.
자연대 본관 정자에서 손님을 맞이하려고 합니다 이곳으로 와 주실 수 있나요?
배달 도착하시면, 자연대 본관 옆에 있는 정자로 오시면 됩니다 여기서 기다리고 있을게요.",
벤치14,자연대(자연과학대학) 1호관 벤치 (헌혈의 집 앞),"지연대(자연과학대학) 1호관 앞 잔디밭에는 벤치가 있습니다.
헌혈의 집과 가장 가까운 벤치는 자연대(자연과학대학) 1호관 앞에 있습니다.
자연대(자연과학대학) 1호관 앞 벤치는 나무에 둘러싸여 있습니다.
자연대(자연과학대학) 1호관 앞 벤치 옆에는 교직원전용 주차장이 있어요.","35.845521, 127.127653","자연대 1호관 앞 잔디밭에 있는 벤치로 배달해 주실 수 있나요?
헌혈의 집과 가장 가까운 벤치, 자연대 1호관 앞에서 친구를 만날 예정입니다 여기로 와 주세요.
자연대 1호관 앞 나무에 둘러싸인 벤치로 음식을 배달 부탁드립니다.
자연대 1호관 앞 벤치 옆 교직원전용 주차장에서 손님을 기다릴게요 이곳으로 오시면 됩니다.
자연대 1호관 앞 벤치로 오실 때, 근처 나무들을 참고하세요 그곳에서 만나요.
자연대 1호관 앞 벤치에서 잠시 쉬고 있는 학생들 근처에서 기다리고 있을게요 여기로 배달 부탁드립니다.
자연대 1호관 앞 벤치에서 친구를 만나려 합니다 여기로 오실 수 있나요?
자연대 1호관 앞 벤치 근처로 배달 부탁드립니다 정확한 위치는 잔디밭 바로 앞입니다.
자연대 1호관 앞 벤치에서 손님을 맞이하려고 합니다 이곳으로 와 주실 수 있나요?
배달 도착하시면, 자연대 1호관 앞에 있는 벤치로 오시면 됩니다 여기서 기다리고 있을게요.",
벤치15,자연대(자연과학대학) 2호관 벤치,"자연대(자연과학대학) 2호관 앞 잔디밭에는 벤치가 있습니다.
자연대(자연과학대학) 2호관 앞 벤치는 교직원 전용 주차장 옆에 있습니다.
자연대(자연과학대학) 2호관 앞 벤치는 도로변과 가깝습니다.
자연대(자연과학대학) 2호관 앞 벤치 건너편에는 비석이 있습니다.","35.845387, 127.128672","자연대 2호관 앞 잔디밭에 있는 벤치로 배달해 주실 수 있나요?
자연대 2호관 앞 교직원 전용 주차장 옆 벤치에서 친구를 만날 예정입니다 여기로 와 주세요.
자연대 2호관 앞 도로변과 가까운 벤치로 음식을 배달 부탁드립니다.
자연대 2호관 앞 벤치 건너편 비석 근처에서 손님을 기다릴게요 이곳으로 오시면 됩니다.
자연대 2호관 앞 벤치로 오실 때, 교직원 전용 주차장을 참고하세요 그곳에서 만나요.
자연대 2호관 앞 벤치에서 잠시 쉬고 있는 학생들 근처에서 기다리고 있을게요 여기로 배달 부탁드립니다.
자연대 2호관 앞 벤치에서 친구를 만나려 합니다 여기로 오실 수 있나요?
자연대 2호관 앞 벤치 근처로 배달 부탁드립니다 정확한 위치는 도로변 바로 옆입니다.
자연대 2호관 앞 벤치에서 손님을 맞이하려고 합니다 이곳으로 와 주실 수 있나요?
배달 도착하시면, 자연대 2호관 앞에 있는 벤치로 오시면 됩니다 여기서 기다리고 있을게요.",
벤치16,자연대(자연과학대학) 3호관 벤치,"자연대(자연과학대학) 3호관 벤치는 자주 이용되지는 않습니다.
자연대(자연과학대학) 3호관 앞 벤치는 자연대(자연과학대학) 3호관 지름길 옆에 있습니다.
자연대(자연과학대학) 3호관 벤치 옆에는 게시판이 있습니다.
자연대(자연과학대학) 3호관을 마주보고 오른쪽에는 벤치가 줄지어 있습니다.","35.846927, 127.130609","자연대 3호관 앞에 자주 이용되지 않는 벤치로 배달해 주실 수 있나요?
자연대 3호관 지름길 옆에 있는 벤치에서 친구를 만날 예정입니다 여기로 와 주세요.
자연대 3호관 벤치 옆 게시판 근처로 음식을 배달 부탁드립니다.
자연대 3호관을 마주보고 오른쪽에 줄지어 있는 벤치에서 손님을 기다릴게요 이곳으로 오시면 됩니다.
자연대 3호관 앞 벤치로 오실 때, 주변 게시판을 참고하세요 그곳에서 만나요.
자연대 3호관 앞 벤치에서 잠시 쉬고 있는 사람들 근처에서 기다리고 있을게요 여기로 배달 부탁드립니다.
자연대 3호관 앞 벤치에서 친구를 만나려 합니다 여기로 오실 수 있나요?
자연대 3호관 앞 벤치에 있겠습니다.
자연대 3호관 앞 벤치 근처에 있습니다.",
벤치17,자연대(자연과학대학) 3호관 정자와 함께있는 벤치,"자연대(자연과학대학) 3호관 옆에는 정자가 있습니다.
자연대(자연과학대학) 3호관 정자는 큰길과 인접해 있어요.
자연대(자연과학대학) 3호관 정자 뒤편에는 자전거 주차장이 있습니다.
자연대(자연과학대학) 3호관을 정면으로 바라보면 왼쪽 편에는 정자가 있습니다.","35.846927, 127.130145","자연대 3호관 옆에 있는 정자로 배달해 주실 수 있나요?
자연대 3호관 정자, 큰길과 인접한 곳에서 친구를 만날 예정입니다 여기로 와 주세요.
자연대 3호관 정자 뒤편 자전거 주차장 근처로 음식을 배달 부탁드립니다.
자연대 3호관을 정면으로 바라보고 왼쪽 편 정자에서 손님을 기다릴게요 이곳으로 오시면 됩니다.
자연대 3호관 옆 정자로 오실 때, 주변 큰길을 참고하세요 그곳에서 만나요.
자연대 3호관 옆 정자에서 잠시 쉬고 있는 사람들 근처에서 기다리고 있을게요 여기로 배달 부탁드립니다.
자연대 3호관 정자에서 친구를 만나려 합니다 여기로 오실 수 있나요?
자연대 3호관 정자 근처로 배달 부탁드립니다 정확한 위치는 3호관 왼쪽입니다.
자연대 3호관 정자에서 손님을 맞이하려고 합니다 이곳으로 와 주실 수 있나요?
배달 도착하시면, 자연대 3호관 옆에 있는 정자로 오시면 됩니다 여기서 기다리고 있을게요.",
벤치18,자연대(자연과학대학) 5호관 벤치,"자연대(자연과학대학) 5호관 앞 인도에는 벤치가 설치되어 있습니다.
자연대(자연과학대학) 5호관 정문에서 인도로 나가는 길목에는 벤치가 있어요.
자연대(자연과학대학) 5호관 앞에 위치한 벤치는 학생들이 자주 사용하지 않습니다.
자연대(자연과학대학) 5호관 앞 벤치는 학생들이 많이 지나는 길에 있습니다.","35.845819, 127.130906","자연대 5호관 앞 인도에 있는 벤치로 배달해 주실 수 있나요?
자연대 5호관 정문에서 인도로 나가는 길목의 벤치에서 친구를 만날 예정입니다 여기로 와 주세요.
자연대 5호관 앞에 위치한, 자주 사용되지 않는 벤치로 음식을 배달 부탁드립니다.
자연대 5호관 앞, 학생들이 많이 지나는 길에 있는 벤치에서 손님을 기다릴게요 이곳으로 오시면 됩니다.
자연대 5호관 앞 벤치로 오실 때, 정문 근처를 참고하세요 그곳에서 만나요.
자연대 5호관 앞 인도 벤치에서 잠시 쉬고 있는 사람들 근처에서 기다리고 있을게요 여기로 배달 부탁드립니다.
자연대 5호관 앞 벤치에서 친구를 만나려 합니다 여기로 오실 수 있나요?
자연대 5호관 앞 벤치 근처로 배달 부탁드립니다 정확한 위치는 5호관 앞 인도입니다.
자연대 5호관 앞 벤치에서 손님을 맞이하려고 합니다 이곳으로 와 주실 수 있나요?
배달 도착하시면, 자연대 5호관 앞에 있는 벤치로 오시면 됩니다 여기서 기다리고 있을게요.",
벤치19,중앙도서관 농대(농생대) 쪽 정자,"중앙도서관 앞에 있는 정자는 농대(농생대) 2호관과 가장 가까워요.
중앙도서관 농대(농생대) 쪽 정자는 학생들이 주로 담배를 피우는 곳입니다.
중앙도서관 농대(농생대) 쪽 정자 옆에는 자전거 주차장이 위치해 있습니다.
중앙도서관 앞 정자는 농대(농생대)와 이어지는 지름길을 따라 쉽게 찾을 수 있습니다.","35.848550, 127.131375","중앙도서관 앞 정자에서 배달 서비스를 이용할 수 있나요?
농대 2호관과 중앙도서관 앞 정자 사이에 배달이 가능한가요?
중앙도서관 농대 쪽 정자에서 음식을 주문할 수 있을까요?
농대(농생대) 쪽 정자에서 친구를 기다리고 있는데, 배달 주문을 할 수 있을까요?
중앙도서관 농대(농생대) 쪽 정자에서 손님을 기다리고 있습니다..
중앙도서관 앞 정자에서 친구를 부를 수 있는 위치인가요?
농대(농생대) 2호관과 중앙도서관 앞 정자 사이에서 기다리겠습니다.
중앙도서관 농대 쪽 정자에서 자전거 주차장 근처로 와줘.
중앙도서관 앞 정자에서 배달 서비스를 이용하겠습니다.
농대(농생대) 쪽 정자에서 주문했습니다.",
벤치19,중앙도서관 농대(농생대) 쪽 벤치,"중앙도서관 앞에 있는 벤치는 농대(농생대) 2호관과 가장 가까워요.
중앙도서관 농대(농생대) 쪽 벤치는 학생들이 주로 담배를 피우는 곳입니다.
중앙도서관 농대(농생대) 쪽 벤치 옆에는 자전거 주차장이 위치해 있습니다.
중앙도서관 앞 벤치는 농대(농생대)와 이어지는 지름길을 따라 쉽게 찾을 수 있습니다.","35.848550, 127.131375","중앙도서관 앞에 있는 벤치로 배달해 주실 수 있나요? 그곳은 농대 2호관과 가장 가깝습니다.
중앙도서관 농대 쪽 벤치, 학생들이 주로 담배를 피우는 곳에서 친구를 만날 예정입니다 여기로 와 주세요.
중앙도서관 농대 쪽 벤치 옆 자전거 주차장 근처로 음식을 배달 부탁드립니다.
중앙도서관 앞 벤치, 농대와 이어지는 지름길을 따라 쉽게 찾을 수 있는 곳에서 손님을 기다릴게요 이곳으로 오시면 됩니다.
중앙도서관 앞 벤치로 오실 때, 농대 쪽 지름길을 참고하세요 그곳에서 만나요.
중앙도서관 앞 벤치에서 잠시 쉬고 있는 학생들 근처에서 기다리고 있을게요 여기로 배달 부탁드립니다.
중앙도서관 농대 쪽 벤치에서 친구를 만나려 합니다 여기로 오실 수 있나요?
중앙도서관 앞 벤치 근처로 배달 부탁드립니다 정확한 위치는 농대 쪽 입구 근처입니다.
중앙도서관 앞 농대 쪽 벤치에서 손님을 맞이하려고 합니다 이곳으로 와 주실 수 있나요?
배달 도착하시면, 중앙도서관 앞 농대 쪽에 있는 벤치로 오시면 됩니다 여기서 기다리고 있을게요.",
벤치20,중앙도서관 공대(공과대학) 쪽 벤치,"중앙도서관에는 공대(공과대학) 방향에 벤치가 있습니다.
중앙도서관 공대(공과대학) 쪽 벤치 건너편에는 공대(공과대학) 4호관과 공대(공과대학) 5호관이 있습니다.
중앙도서관 공대(공과대학) 쪽 벤치 앞에는 주차장이 있습니다.
공대(공과대학) 쪽 중앙도서관 입구 옆에는 벤치들이 있습니다.","35.847934, 127.132233","중앙도서관 공대 방향에 있는 벤치로 배달해 주실 수 있나요?
중앙도서관 공대 쪽 벤치 건너편, 공대 4호관과 5호관 근처에서 친구를 만날 예정입니다 여기로 와 주세요.
중앙도서관 공대 쪽 벤치 앞 주차장 근처로 음식을 배달 부탁드립니다.
공대 쪽 중앙도서관 입구 옆에 있는 벤치들에서 손님을 기다릴게요 이곳으로 오시면 됩니다.
중앙도서관 공대 쪽 벤치로 오실 때, 공대 4호관과 5호관을 참고하세요 그곳에서 만나요.
중앙도서관 공대 쪽 벤치에서 잠시 쉬고 있는 사람들 근처에서 기다리고 있을게요 여기로 배달 부탁드립니다.
중앙도서관 공대 쪽 벤치에서 친구를 만나려 합니다 여기로 오실 수 있나요?
중앙도서관 공대 쪽 벤치 근처로 배달 부탁드립니다 정확한 위치는 중앙도서관 공대 방향입니다.
중앙도서관 공대 쪽 벤치에서 손님을 맞이하려고 합니다 이곳으로 와 주실 수 있나요?
배달 도착하시면, 중앙도서관 공대 쪽에 있는 벤치로 오시면 됩니다 여기서 기다리고 있을게요.",
벤치21,농대(농생대) 본관 정자,"농대(농생대) 본관과 도서관 사이에는 정자가 있습니다.
농대(농생대) 2호관 옆에는 정자가 있습니다.
농대(농생대) 본관 앞 정자는 흡연구역이에요.
농대(농생대) 2호관 옆 정자에는 인도로 내려갈 수 있는 지름길이 있습니다.","35.848907, 127.133726","농대 본관과 도서관 사이에 있는 정자로 배달해 주실 수 있나요?
농대 2호관 옆 정자에서 친구를 만날 예정입니다 여기로 와 주세요.
농대 본관 앞 흡연구역 정자로 음식을 배달 부탁드립니다.
농대 2호관 옆 정자 근처, 인도로 내려갈 수 있는 지름길 근처에서 손님을 기다릴게요 이곳으로 오시면 됩니다.
농대 본관과 2호관 사이 정자로 오실 때, 흡연구역을 참고하세요 그곳에서 만나요.
농대 2호관 옆 정자에서 잠시 쉬고 있는 사람들 근처에서 기다리고 있을게요 여기로 배달 부탁드립니다.
농대 본관 앞 정자에서 친구를 만나려 합니다 여기로 오실 수 있나요?
농대 2호관 옆 정자 근처로 배달 부탁드립니다 정확한 위치는 지름길 옆입니다.
농대 본관 앞 흡연구역 정자에서 손님을 맞이하려고 합니다 이곳으로 와 주실 수 있나요?
배달 도착하시면, 농대 2호관 옆에 있는 정자로 오시면 됩니다 여기서 기다리고 있을게요.",
벤치21,농대(농생대) 본관 벤치,"농대(농생대) 본관과 도서관 사이에는 벤치가 있습니다.
농대(농생대) 2호관 옆에는 벤치가 있습니다.
농대(농생대) 본관 앞 벤치는 흡연구역이에요.
농대(농생대) 2호관 옆 벤치에는 인도로 내려갈 수 있는 지름길이 있습니다.","35.848907, 127.133726","농대 본관과 도서관 사이에 있는 벤치로 배달해 주실 수 있나요?
농대 2호관 옆 벤치에서 친구를 만날 예정입니다 여기로 와 주세요.
농대 본관 앞 흡연구역 벤치로 음식을 배달 부탁드립니다.
농대 2호관 옆 벤치 근처, 인도로 내려갈 수 있는 지름길 근처에서 손님을 기다릴게요 이곳으로 오시면 됩니다.
농대 본관과 2호관 사이 벤치로 오실 때, 흡연구역을 참고하세요 그곳에서 만나요.
농대 2호관 옆 벤치에서 잠시 쉬고 있는 사람들 근처에서 기다리고 있을게요 여기로 배달 부탁드립니다.
농대 본관 앞 흡연구역 벤치에서 친구를 만나려 합니다 여기로 오실 수 있나요?
농대 2호관 옆 벤치 근처로 배달 부탁드립니다 정확한 위치는 지름길 옆입니다.
농대 본관 앞 흡연구역 벤치에서 손님을 맞이하려고 합니다 이곳으로 와 주실 수 있나요?
배달 도착하시면, 농대 2호관 옆에 있는 벤치로 오시면 됩니다 여기서 기다리고 있을게요.",
벤치22,농대(농생대) 본관 정문 정자,"농대(농생대) 본관 정문 앞 잔디밭에는 정자가 있습니다.
농대(농생대) 본관을 향해 서 있을 때, 오른쪽 주차장 뒤편에 정자가 있습니다.
농대(농생대) 본관 정문 정자는 학술림과 가까워요.
농대(농생대) 본관 정문 정자 뒤편에는 공대(공과대학) 8호관이 위치해 있습니다.","35.848833, 127.132497","농대 본관 정문 앞 잔디밭에 있는 정자로 배달해 주실 수 있나요?
농대 본관을 향해 서 있을 때 오른쪽 주차장 뒤편에 있는 정자에서 친구를 만날 예정입니다 여기로 와 주세요.
농대 본관 정문 정자, 학술림과 가까운 곳으로 음식을 배달 부탁드립니다.
농대 본관 정문 정자 뒤편, 공대 8호관 근처에서 손님을 기다릴게요 이곳으로 오시면 됩니다.
농대 본관 정문 정자로 오실 때, 주변 주차장을 참고하세요 그곳에서 만나요.
농대 본관 정문 정자에서 잠시 쉬고 있는 사람들 근처에서 기다리고 있을게요 여기로 배달 부탁드립니다.
농대 본관 정문 정자에서 친구를 만나려 합니다 여기로 오실 수 있나요?
농대 본관 정문 정자 근처로 배달 부탁드립니다 정확한 위치는 본관 앞 잔디밭입니다.
농대 본관 정문 정자에서 손님을 맞이하려고 합니다 이곳으로 와 주실 수 있나요?
배달 도착하시면, 농대 본관 정문 앞에 있는 정자로 오시면 됩니다 여기서 기다리고 있을게요.",
벤치22,농대(농생대) 본관 정문 벤치,"농대(농생대) 본관 정문 앞 잔디밭에는 벤치가 있습니다.
농대(농생대) 본관을 향해 서 있을 때, 오른쪽 주차장 뒤편에 벤치가 있습니다.
농대(농생대) 본관 정문 벤치는 학술림과 가까워요.
농대(농생대) 본관 정문 벤치 뒤편에는 공대(공과대학) 8호관이 위치해 있습니다.","35.848833, 127.132497","농대 본관 정문 앞 잔디밭에 있는 벤치로 배달해 주실 수 있나요?
농대 본관을 향해 서 있을 때 오른쪽 주차장 뒤편에 있는 벤치에서 친구를 만날 예정입니다 여기로 와 주세요.
농대 본관 정문 벤치, 학술림과 가까운 곳으로 음식을 배달 부탁드립니다.
농대 본관 정문 벤치 뒤편, 공대 8호관 근처에서 손님을 기다릴게요 이곳으로 오시면 됩니다.
농대 본관 정문 벤치로 오실 때, 주변 주차장을 참고하세요 그곳에서 만나요.
농대 본관 정문 벤치에서 잠시 쉬고 있는 사람들 근처에서 기다리고 있을게요 여기로 배달 부탁드립니다.
농대 본관 정문 벤치에서 친구를 만나려 합니다 여기로 오실 수 있나요?
농대 본관 정문 벤치 근처로 배달 부탁드립니다 정확한 위치는 본관 앞 잔디밭입니다.
농대 본관 정문 벤치에서 손님을 맞이하려고 합니다 이곳으로 와 주실 수 있나요?
배달 도착하시면, 농대 본관 정문 앞에 있는 벤치로 오시면 됩니다 여기서 기다리고 있을게요.",
벤치23,농대(농생대) 1호관 벤치,"농대(농생대) 1호관 정문 앞에는 벤치가 있습니다.
농대(농생대) 1호관 앞에 있는 벤치 앞에는 지쿠터 주차장이 있습니다.
농대(농생대) 1호관 정문 앞 계단을 사이에 두고 양쪽으로 벤치가 있습니다.
농대(농생대) 1호관 앞 벤치 주변에는 큰 나무가 많습니다.","35.849028, 127.130687","농대 1호관 정문 앞에 있는 벤치로 배달해 주실 수 있나요?
농대 1호관 앞에 있는 벤치 앞 지쿠터 주차장에서 친구를 만날 예정입니다 여기로 와 주세요.
농대 1호관 정문 앞 계단을 사이에 두고 양쪽에 있는 벤치 중 하나로 음식을 배달 부탁드립니다.
농대 1호관 앞 벤치 주변 큰 나무 근처에서 손님을 기다릴게요 이곳으로 오시면 됩니다.
농대 1호관 정문 앞 벤치로 오실 때, 주변 지쿠터 주차장을 참고하세요 그곳에서 만나요.
농대 1호관 앞 벤치에서 잠시 쉬고 있는 사람들 근처에서 기다리고 있을게요 여기로 배달 부탁드립니다.
농대 1호관 정문 앞 벤치에서 친구를 만나려 합니다 여기로 오실 수 있나요?
농대 1호관 앞 벤치 근처로 배달 부탁드립니다 정확한 위치는 1호관 앞입니다.
농대 1호관 앞 벤치에서 손님을 맞이하려고 합니다 이곳으로 와 주실 수 있나요?
배달 도착하시면, 농대 1호관 정문 앞에 있는 벤치로 오시면 됩니다 여기서 기다리고 있을게요.",
벤치24,농대(농생대) 2호관 벤치,"농대(농생대) 2호관 정문 앞에는 벤치가 있습니다.
학생들은 농대(농생대) 2호관 정문 앞 벤치에서 흡연을 하곤 합니다.
농대(농생대) 2호관 지쿠터 주차장 앞에 벤치가 있습니다. 
농대(농생대) 2호관 정문 앞의 벤치는 중앙도서관과도 가깝습니다.","35.848909, 127.131627","농대 2호관 정문 앞에 있는 벤치로 배달해 주실 수 있나요?
학생들이 흡연하는 농대 2호관 정문 앞 벤치에서 친구를 만날 예정입니다 여기로 와 주세요.
농대 2호관 지쿠터 주차장 앞 벤치로 음식을 배달 부탁드립니다.
중앙도서관과 가까운 농대 2호관 정문 앞의 벤치에서 손님을 기다릴게요 이곳으로 오시면 됩니다.
농대 2호관 정문 앞 벤치로 오실 때, 지쿠터 주차장을 참고하세요 그곳에서 만나요.
농대 2호관 정문 앞 벤치에서 잠시 쉬고 있는 사람들 근처에서 기다리고 있을게요 여기로 배달 부탁드립니다.
농대 2호관 정문 앞 벤치에서 친구를 만나려 합니다 여기로 오실 수 있나요?
농대 2호관 정문 앞 벤치 근처로 배달 부탁드립니다 정확한 위치는 2호관 앞입니다.
농대 2호관 정문 앞 벤치에서 손님을 맞이하려고 합니다 이곳으로 와 주실 수 있나요?
배달 도착하시면, 농대 2호관 정문 앞에 있는 벤치로 오시면 됩니다 여기서 기다리고 있을게요.",
벤치25,농대(농생대) 2호관 뒤 벤치,"농대(농생대) 2호관 뒤쪽 잔디밭에는 벤치가 있습니다.
농대(농생대) 2호관 강의실이 있는 부속 건물 옆에는 벤치가 있습니다.
농대(농생대) 2호관 뒤쪽 벤치 앞에는 철봉이 있습니다.
농대(농생대) 2호관 뒤 벤치 주변에는 큰 나무들이 많습니다.","35.8494, 127.1315","농대 2호관 뒤쪽 잔디밭에 있는 벤치로 배달해 주실 수 있나요?
농대 2호관 강의실이 있는 부속 건물 옆 벤치에서 친구를 만날 예정입니다 여기로 와 주세요.
농대 2호관 뒤쪽 벤치 앞 철봉 근처로 음식을 배달 부탁드립니다.
농대 2호관 뒤 벤치 주변 큰 나무들 근처에서 손님을 기다릴게요 이곳으로 오시면 됩니다.
농대 2호관 뒤쪽 벤치로 오실 때, 잔디밭과 철봉을 참고하세요 그곳에서 만나요.
농대 2호관 뒤쪽 벤치에서 잠시 쉬고 있는 사람들 근처에서 기다리고 있을게요 여기로 배달 부탁드립니다.
농대 2호관 뒤 벤치에서 친구를 만나려 합니다 여기로 오실 수 있나요?
농대 2호관 뒤 벤치 근처로 배달 부탁드립니다 정확한 위치는 2호관 뒤쪽입니다.
농대 2호관 뒤쪽 벤치에서 손님을 맞이하려고 합니다 이곳으로 와 주실 수 있나요?
배달 도착하시면, 농대 2호관 뒤에 있는 벤치로 오시면 됩니다 여기서 기다리고 있을게요.",
벤치26,농대(농생대) 3호관 벤치,"농대(농생대) 3호관 정문 앞 잔디밭에는 벤치가 있습니다.
농대(농생대) 3호관 앞 벤치는 차도와 가깝습니다.
농대(농생대) 3호관 지쿠터 주차장 앞에는 벤치가 있습니다.
농대(농생대) 3호관 앞의 벤치 뒤에는 자전거 주차장이 있습니다.","35.848458, 127.134515","농대 3호관 정문 앞 잔디밭에 있는 벤치로 배달해 주실 수 있나요?
농대 3호관 앞 차도와 가까운 벤치에서 친구를 만날 예정입니다 여기로 와 주세요.
농대 3호관 지쿠터 주차장 앞 벤치로 음식을 배달 부탁드립니다.
농대 3호관 앞의 벤치 뒤편 자전거 주차장 근처에서 손님을 기다릴게요 이곳으로 오시면 됩니다.
농대 3호관 앞 벤치로 오실 때, 지쿠터 주차장을 참고하세요 그곳에서 만나요.
농대 3호관 정문 앞 벤치에서 잠시 쉬고 있는 사람들 근처에서 기다리고 있을게요 여기로 배달 부탁드립니다.
농대 3호관 앞 벤치에서 친구를 만나려 합니다 여기로 오실 수 있나요?
농대 3호관 앞 벤치 근처로 배달 부탁드립니다 정확한 위치는 3호관 앞입니다.
농대 3호관 앞의 벤치 뒤 자전거 주차장에서 손님을 맞이하려고 합니다 이곳으로 와 주실 수 있나요?
배달 도착하시면, 농대 3호관 정문 앞에 있는 벤치로 오시면 됩니다 여기서 기다리고 있을게요.",
벤치26,농대(농생대) 4호관 벤치,"농대(농생대) 4호관을 마주보고 서면 오른편에 정자가 있습니다.
농대(농생대) 4호관에서 가장 가까운 흡연구역은 농대(농생대) 4호관 앞 정자입니다.
농대(농생대) 4호관 주차장 앞에는 정자가 있습니다.
농대(농생대) 4호관 정자 주변에는 큰 나무가 많습니다.","35.848205, 127.135893","농대 4호관을 마주보고 서 있을 때 오른편에 있는 정자로 배달해 주실 수 있나요?
농대 4호관 앞 흡연구역인 정자에서 친구를 만날 예정입니다 여기로 와 주세요.
농대 4호관 주차장 앞에 있는 정자로 음식을 배달 부탁드립니다.
농대 4호관 정자 주변 큰 나무 근처에서 손님을 기다릴게요 이곳으로 오시면 됩니다.
농대 4호관 정자로 오실 때, 주변 큰 나무들을 참고하세요 그곳에서 만나요.
농대 4호관 정자에서 잠시 쉬고 있는 사람들 근처에서 기다리고 있을게요 여기로 배달 부탁드립니다.
농대 4호관 앞 정자에서 친구를 만나려 합니다 여기로 오실 수 있나요?
농대 4호관 정자 근처로 배달 부탁드립니다 정확한 위치는 4호관 앞입니다.
농대 4호관 앞 정자에서 손님을 맞이하려고 합니다 이곳으로 와 주실 수 있나요?
배달 도착하시면, 농대 4호관 앞에 있는 정자로 오시면 됩니다 여기서 기다리고 있을게요.",
벤치27,목재가공센터 벤치,"목재가공센터 입구 옆에는 벤치가 있습니다.
농대(농생대) 4호관 뒤편 목질소재실험실 앞에는 벤치가 있습니다.
전북대햄과 가장 가까운 벤치는 기구제작실습실 앞에 있습니다.
목재응용과학과 학생회실을 이용하는 사람은 목재가공센터 앞 벤치를 손쉽게 이용할 수 있습니다.","35.8488, 127.1354","목재가공센터 입구 옆에 있는 벤치로 배달해 주실 수 있나요?
농대 4호관 뒤편 목질소재실험실 앞 벤치에서 친구를 만날 예정입니다 여기로 와 주세요.
전북대햄과 가장 가까운 기구제작실습실 앞 벤치로 음식을 배달 부탁드립니다.
목재응용과학과 학생회실 이용자가 자주 이용하는 목재가공센터 앞 벤치 근처에서 손님을 기다릴게요 이곳으로 오시면 됩니다.
목재가공센터 앞 벤치로 오실 때, 입구를 참고하세요 그곳에서 만나요.
목재가공센터 입구 옆 벤치에서 잠시 쉬고 있는 사람들 근처에서 기다리고 있을게요 여기로 배달 부탁드립니다.
농대 4호관 뒤편 벤치에서 친구를 만나려 합니다 여기로 오실 수 있나요?
기구제작실습실 앞 벤치 근처로 배달 부탁드립니다 정확한 위치는 전북대햄 근처입니다.
목재가공센터 앞 벤치에서 손님을 맞이하려고 합니다 이곳으로 와 주실 수 있나요?
배달 도착하시면, 목재가공센터 입구 옆에 있는 벤치로 오시면 됩니다 여기서 기다리고 있을게요.",
벤치28,농대(농생대) 실습장 토끼 집 근처 벤치,"농대(농생대) 실습장과 예술대학 사이 도로변에는 벤치가 있습니다.
토끼 뽀시래기 집 앞 벤치는 예술대학 건너편 도로변에 위치해 있습니다.
농대(농생대) 실습장 주변 벤치는 예술대학으로 올라가는 언덕 앞에 있습니다.
농대(농생대) 실습장 토끼 집 앞에는 벤치가 있습니다.","35.850056, 127.128349","농대 실습장과 예술대학 사이 도로변에 있는 벤치로 배달해 주실 수 있나요?
토끼 뽀시래기 집 앞, 예술대학 건너편 도로변에 위치한 벤치에서 친구를 만날 예정입니다 여기로 와 주세요.
농대 실습장 주변 벤치, 예술대학으로 올라가는 언덕 앞으로 음식을 배달 부탁드립니다.
농대 실습장 토끼 집 앞에 있는 벤치 근처에서 손님을 기다릴게요 이곳으로 오시면 됩니다.
농대 실습장과 예술대학 사이 벤치로 오실 때, 주변 도로변을 참고하세요 그곳에서 만나요.
토끼 뽀시래기 집 앞 벤치에서 잠시 쉬고 있는 사람들 근처에서 기다리고 있을게요 여기로 배달 부탁드립니다.
농대 실습장 주변 벤치에서 친구를 만나려 합니다 여기로 오실 수 있나요?
예술대학 건너편 도로변 벤치 근처로 배달 부탁드립니다 정확한 위치는 토끼 뽀시래기 집 앞입니다.
농대 실습장 토끼 집 앞 벤치에서 손님을 맞이하려고 합니다 이곳으로 와 주실 수 있나요?
배달 도착하시면, 농대 실습장과 예술대학 사이 도로변에 있는 벤치로 오시면 됩니다 여기서 기다리고 있을게요.",
쓰레기처리장1,공대(공과대학) 7호관 쓰레기처리장,"공대(공과대학) 7호관 뒤편에는 쓰레기처리장이 있습니다.
공대(공과대학) 7호관 후문 쓰레기처리장 옆에는 벤치가 있습니다.
공대(공과대학) 7호관 후문 검은색 컨테이너는 쓰레기처리장입니다.
공대(공과대학) 7호관 후문 쓰레기처리장을 지나면 사대부고로 연결되는 계단이 있습니다.","35.8456, 127.1342","공대 7호관 후문 쓰레기처리장 옆에 있는 벤치로 배달해 주실 수 있나요?
공대 7호관 후문 검은색 컨테이너, 즉 쓰레기처리장 근처 벤치로 와 주세요.
공대 7호관 후문 쓰레기처리장을 지나는 계단 근처 벤치로 음식을 배달 부탁드립니다.
사대부고로 연결되는 계단 근처, 공대 7호관 후문 쓰레기처리장 옆 벤치에서 손님을 기다릴게요 이곳으로 오시면 됩니다.
공대 7호관 후문 쓰레기처리장 근처 벤치로 오실 때, 주변 컨테이너를 참고하세요 그곳에서 만나요.
공대 7호관 후문 쓰레기처리장 옆 벤치에서 잠시 쉬고 있는 사람들 근처에서 기다리고 있을게요 여기로 배달 부탁드립니다.
공대 7호관 후문 쓰레기처리장 근처 벤치에서 친구를 만나려 합니다 여기로 오실 수 있나요?
공대 7호관 후문 검은색 컨테이너 근처 벤치로 배달 부탁드립니다 정확한 위치는 7호관 뒤편입니다.
공대 7호관 후문 쓰레기처리장 벤치에서 손님을 맞이하려고 합니다 이곳으로 와 주실 수 있나요?
배달 도착하시면, 공대 7호관 후문 쓰레기처리장 옆에 있는 벤치로 오시면 됩니다 여기서 기다리고 있을게요.",
쓰레기처리장2,공대(공과대학) 8호관 쓰레기 처리장,"공대(공과대학) 8호관 뒤편에는 쓰레기처리장이 있습니다.
공대(공과대학) 8호관 정문을 마주보고 건물을 따라 오른쪽으로 걸어오면 쓰레기처리장이 있습니다.
공대(공과대학) 8호관 쓰레기처리장 앞에는 주차장이 있습니다.
공대(공과대학) 8호관 쓰레기처리장은 학생들이 학습 활동 중 발생하는 쓰레기를 처리할 수 있는 장소입니다.","35.8482, 127.1340","공대 8호관 뒤편 쓰레기처리장에 배달해 주실 수 있나요?
공대 8호관 정문을 마주보고 건물을 따라 오른쪽으로 걸어오면 있는 쓰레기처리장 근처에서 친구를 만날 예정입니다 여기로 와 주세요.
공대 8호관 쓰레기처리장 앞 주차장으로 음식을 배달 부탁드립니다.
공대 8호관 쓰레기처리장은 학생들의 학습 활동 중 발생하는 쓰레기를 처리하는 장소 근처에서 손님을 기다릴게요 이곳으로 오시면 됩니다.
공대 8호관 쓰레기처리장 근처로 오실 때, 주변 주차장을 참고하세요 그곳에서 만나요.
공대 8호관 쓰레기처리장 앞에서 잠시 쉬고 있는 사람들 근처에서 기다리고 있을게요 여기로 배달 부탁드립니다.
공대 8호관 쓰레기처리장 근처에서 친구를 만나려 합니다 여기로 오실 수 있나요?
공대 8호관 쓰레기처리장 앞 주차장 근처로 배달 부탁드립니다 정확한 위치는 8호관 뒤편입니다.
공대 8호관 쓰레기처리장에서 손님을 맞이하려고 합니다 이곳으로 와 주실 수 있나요?
배달 도착하시면, 공대 8호관 뒤편 쓰레기처리장에 있는 주차장으로 오시면 됩니다 여기서 기다리고 있을게요.",
쓰레기처리장3,농대(농생대) 2호관 쓰레기 처리장,"농대(농생대) 2호관 뒤편에는 쓰레기처리장이 있습니다.
농대(농생대) 2호관 쓰레기 처리장은 학생들이 일상적인 쓰레기와 재활용 가능한 폐기물을 적절하게 분리하여 처리할 수 있는 장소로 설정되어 있습니다.
 이 쓰레기 처리장은 농대(농생대) 2호관 주변의 폐기물을 체계적으로 관리하는 데 중요한 역할을 합니다.
 학생들은 농대(농생대) 2호관 쓰레기 처리장에서 일반 쓰레기를 쉽게 버리고, 재활용을 위한 분리수거를 할 수 있습니다.","35.849226, 127.131876","농대 2호관 쓰레기 처리장으로 배달을 시킬 수 있나요?
농대 2호관 쓰레기 처리장으로 친구를 불렀습니다.
농대 2호관 쓰레기 처리장으로 와주세요.
농대 2호관 쓰레기 처리장에서 무언가를 시킬 수 있나요?
농대 2호관에 쓰레기 처리장이 있습니다.
농대 2호관 쓰레기 처리장으로 음식 배달이 가능한가요?
농대 2호관 주변 쓰레기 처리장에서 만나요.
농대 2호관 쓰레기 처리장에서 친구를 맞이하기로 했습니다.
농대 2호관 쓰레기 처리장에 사람들과 기다리고 있겠습니다.
농대 2호관 쓰레기 처리장으로 주문을 하려고 합니다.",
쓰레기처리장4,농대(농생대) 1호관 쓰레기 처리장,"농대(농생대) 1호관 뒤에는 쓰레기처리장이 있습니다.
농대(농생대) 1호관 쓰레기처리장은 후문 입구 옆에 있습니다.
농대(농생대) 1호관 쓰레기 처리장 앞에는 주차장이 있습니다.
농대(농생대) 1호관 뒤편 쓰레기처리장 앞에는 노란색 건물이 있습니다.","35.849222, 127.131099","농대 1호관 쓰레기 처리장으로 음식을 배달할 수 있을까요?
농대 1호관 쓰레기 처리장으로 친구를 불렀습니다.
농대 1호관 쓰레기 처리장에 물건을 배달하려면 어디로 가야하나요?
농대 1호관 쓰레기 처리장에서 주문하겠습니다.
농대 1호관 쓰레기 처리장으로 빨리 와주실 수 있나요?
농대 1호관 쓰레기 처리장에서 물건 배달 서비스를 이용할 수 있나요?
농대 1호관 쓰레기 처리장 주변으로 와주세요.
농대 1호관 쓰레기 처리장에서 친구를 맞이하려면 어떻게 해야 하나요?
농대 1호관 쓰레기 처리장에 쓰레기를 버리면 됩니다.
농대 1호관 쓰레기 처리장으로 주문을 하였습니다.",
쓰레기처리장5,농대(농생대) 실습장 쓰레기 처리장,"농대(농생대) 실습장 비닐하우스 단지에는 쓰레기처리장이 있습니다.
농대(농생대) 실습장에 위치한 쓰레기 처리장에는 주로 농작물과 관련된 쓰레기가 버려집니다.
농대(농생대) 실습장 쓰레기처리장은 원예실습포장과도 가깝습니다.
농대(농생대) 부속농장을 이용한 학생들은 비닐하우스 단지에 있는 쓰레기처리장에서 쓰레기를 버릴 수 있습니다.","35.850649, 127.130750","농대 실습장 비닐하우스 단지 쓰레기 처리장으로 음식을 배달할 수 있나요?
농대 실습장 비닐하우스 단지 쓰레기 처리장으로 친구를 부를 수 있나요?
농대 실습장 쓰레기 처리장에 물건을 전달하겠습니다
농대 실습장 쓰레기 처리장에서 어떤 물건을 주문할 수 있나요?
농대 실습장 비닐하우스 단지 쓰레기 처리장에서 재활용을 하고 있습니다.
농대 실습장 비닐하우스 단지 쓰레기 처리장에서 물건 배달 서비스를 이용하겠습니다.
농대 실습장 주변에 쓰레기 처리장이 있나요?
농대 실습장 비닐하우스 단지 쓰레기 처리장에서 친구를 만나기로 했습니다.
농대 실습장 비닐하우스 단지에 있습니다.
농대 실습장 비닐하우스 단지 쓰레기 처리장에서 활동을 할게요.", 
이스터에그,토끼 뽀시래기 집,"농대(농생대) 실습장에는 뽀시래기의 집이 있습니다.
토끼 뽀시래기의 집은 수도작실습포장 옆에 있습니다.
농대(농생대) 실습장을 이용하는 학생들은 뽀시래기의 집을 자주 볼 수 있습니다.
뽀시래기의 집은 예술대학으로 올라가는 언덕과 가까워요.","35.850080, 127.128553","농대 실습장 뽀시래기.
토끼집.
뽀시래기.
귀요미.
토끼 집은 어디있어?
토끼 집으로 와주세요.
뽀시래기 집으로 와.
토끼 뽀시래기 집 앞에 있을게요.
농대 토끼.
토끼 귀요미.",
계단1,자연대(자연과학대학)에서 공대(공과대학) 2호관으로 올라오는 계단,"자연대(자연과학대학) 4호관과 자연대(자연과학대학) 5호관 뒤에는 공대(공과대학)로 이어지는 계단이 있습니다.
분수대와 공대(공과대학) 2호관을 오가는 가장 빠른 길은 자연대(자연과학대학) 4호관 옆 계단을 이용하는 길이에요.
자연대(자연과학대학) 4호관과 자연대(자연과학대학) 5호관 사이에 있는 계단은 공대(공과대학) 2호관과 가장 가깝습니다.
자연대(자연과학대학) 4호관과 자연대(자연과학대학) 5호관 뒤에 있는 계단 옆에는 지쿠터 주차장이 있습니다.","35.8464, 127.1313","자연대(자연과학대학) 4호관과 5호관 뒤 계단으로 음식을 배달해주세요.
자연대(자연과학대학) 4호관과 5호관 뒤 계단 근처에서 빠른 점심을 주문할 수 있는 음식점을 추천해주세요.
자연대(자연과학대학) 4호관과 5호관 뒤 계단이 있어요!
자연대(자연과학대학) 4호관과 5호관 뒤 계단 근처에서 행사를 합니다.
자연대(자연과학대학) 4호관과 5호관 뒤 계단에 있습니다.
자연대(자연과학대학) 4호관과 5호관 뒤 계단에서 다같이 모일게요.
자연대(자연과학대학) 4호관과 5호관 뒤 계단으로 배달해주세요.
자연대(자연과학대학) 4호관과 5호관 뒤 계단 주변으로 올 수 있나요?
자연대(자연과학대학) 4호관과 5호관 뒤 계단 근처에서 음식 배달을 하겠습니다.
자연대(자연과학대학) 4호관과 5호관 뒤 계단으로 친구를 부르려면 어디라고 해야 할까요?",
계단2,공대(공과대학) 5호관과 공대(공과대학) 4호관 사이 계단,"공대(공과대학) 5호관과 공대(공과대학) 4호관 사이에는 계단이 있습니다.
공대 5호관과 공대 4호관 사이 계단은 도서관에서 공대(공과대학)로 이동하는 학생들에게 중요한 통로 역할을 합니다.
공대(공과대학)에서 도서관으로 이동할 때 공대(공과대학) 4호관과 공대(공과대학) 5호관 사이의 있는 계단을 이용하면 빠르게 갈 수 있습니다.
공대(공과대학) 5호관과 4호관 사이 계단 옆에는 벤치가 있습니다.","35.8475, 127.1318","공대 5호관과 공대 4호관 사이 계단으로 배달해 주실 수 있나요?
공대 5호관과 공대 4호관 사이 통로인 계단으로 와주세요.
공대 5호관과 공대 4호관 사이 계단에서 행사를 진행하고 있습니다.
중앙도서관을 가기 위해 공대 5호관과 공대 4호관 사이 계단을 이용할 수 있는데 이 계단의 위치는 어디인가요?
공대 5호관에서 공대 4호관으로 빠르게 가기 위해 이용하는 계단이 있습니다.
공대 5호관에서 공대 4호관으로 빠르게 가기 위해 이용하는 계단으로 와주실 수 있나요?
공대 5호관과 공대 4호관 사이 계단에서 다치지 않게 조심하세요.
공대 5호관과 공대 4호관 사이 계단에서 손님을 맞이하려고 합니다 이곳으로 와 주실 수 있나요?
배달 도착하시면, 공대 5호관과 공대 4호관 사이 계단으로 오시면 됩니다 여기서 기다리고 있을게요.
이곳은 공대 5호관과 공대 4호관 사이 계단입니다.",
계단3,공대(공과대학) 7호관 후문 계단,"공대(공과대학) 7호관 후문에는 계단이 있습니다.
공대(공과대학) 7호관 뒤에 있는 계단을 통해 올라가면 상과대학 1호관과 가깝습니다.
공대(공과대학)에서 사대부고로 가는 가장 빠른 길은 공대(공과대학) 7호관 뒤에 있는 계단을 이용하는 길입니다.
공대(공과대학) 7호관 후문 계단은 공대(공과대학)에서 사대부고로 가는 빠른 길 중에 하나입니다.","35.8456, 127.1345","사대부고에서 공대 7호관 후문에 있는 계단을 통해 지나갈 수 있습니다.
공대 7호관 후문에 있는 계단으로 와주세요.
공대 7호관에서 상대 1호관으로 이동하는 계단이 있습니다.
공대 7호관 후문 계단으로 와주실 수 있나요?
공대 7호관 뒤편 계단에 있겠습니다.
공대 7호관 후문 계단에서 친구를 만나려 합니다 여기로 오실 수 있나요?
배달오시면 공대 7호관 후문 계단에서 뵈어요.
공대 7호관 후문 계단에서 잠시 쉬고 있는 학생들 근처에서 기다리고 있을게요 여기로 전달 부탁드립니다.
공대 7호관 후문 계단에서 다치지 않게 조심하세요.
상대로 빠르게 이동할 수 있는 공대 7호관 후문 계단이 어디있나요?",
계단4,자연대(자연과학대학) 3호관 정자 옆 계단,"자연대(자연과학대학) 3호관 정자 옆에는 계단이 있습니다.
자연대(자연과학대학) 3호관 정자 옆 계단은 바로 앞 인도와 이어집니다.
분수대에서 자연대(자연과학대학) 3호관으로 가는 길에는 계단이 있습니다.
자연대 3호관 정자 옆의 계단은 학생들이 도로변으로 쉽게 나갈 수 있도록 도와주는 중요한 이동 수단입니다.","35.846927, 127.130070","자연대 3호관 정자 옆 계단으로 배달 가능한가요?
자연대(자연과학대학) 3호관 정자 옆 계단에서 친구를 기다릴 예정인데, 여기로 오시겠어요?
분수대에서 자연대 3호관 정자 옆 계단까지 배달 가능한가요?
자연대 3호관 정자 옆 계단 근처에서 손님을 만나려고 하는데 이곳으로 와 주실 수 있나요?
자연대 3호관 정자 옆 계단에 도착하면, 그곳에서 만나요.
자연대 3호관 정자에서 잠시 쉬고 있는 사람들 주변에서 기다리고 있을게요. 여기로 배달해주세요.
자연대(자연과학대학) 3호관 정자 옆 계단에서 친구를 만나려고 하는데, 여기로 올 수 있을까요?
자연대 3호관 정자 근처로 배달해주세요. 정확한 위치는 3호관 앞입니다.
자연대 3호관 정자 앞에서 손님을 맞이하려고 하는데, 이곳으로 오실 수 있을까요?
배달 도착하시면, 자연대 3호관 정자 옆으로 오시면 됩니다. 여기서 기다리고 있을게요.",
계단5,자연대(자연과학대학) 4호관 계단,"자연대(자연과학대학) 암석공원 앞에는 계단이 있습니다.
자연대(자연과학대학) 4호관 앞에는 인도와 이어지는 넓은 계단이 있습니다.
자연대(자연과학대학) 4호관 앞 계단은 학생들이 앉아서 휴식을 취하기에 적합한 장소입니다.
자연대(자연과학대학) 암석공원 앞 계단은 자연대(자연과학대학) 5호관과도 가깝습니다.","35.846335, 127.130302","자연대(자연과학대학) 암석공원 앞 계단으로 배달 가능한가요?
자연대 4호관 앞 계단에서 친구를 기다릴 예정인데, 여기로 오시겠어요?
자연대(자연과학대학) 4호관 앞 계단으로 와주세요.
자연대 4호관 앞 계단 근처에서 기다리고 있습니다.
자연대(자연과학대학) 암석공원 앞에 넓은 계단이 있나요?
자연대 4호관 앞 계단에서 잠시 쉬고 있는 사람들 주변에서 기다리고 있을게요. 여기로 배달 부탁드립니다.
자연대 암석공원 앞 계단에서 친구를 만나려고 하는데, 여기로 오시겠어요?
자연대 4호관 앞 계단 근처로 배달해주세요. 정확한 위치는 4호관 앞입니다.
자연대(자연과학대학) 4호관 앞 계단에서 행사를 하려고 하는데, 이곳으로 오실 수 있을까요?
배달 도착하시면, 자연대(자연과학대학) 4호관 앞 인도에 계단이 있습니다.",
계단6,자연대(자연과학대학) 5호관 계단,"자연대(자연과학대학) 5호관 주차장 앞에는 계단이 있습니다.
자연대(자연과학대학) 5호관 주차장 앞 계단은 자연대(자연과학대학) 5호관 입구와 이어집니다.
자연대(자연과학대학) 5호관 앞 계단을 올라가면 지쿠터 주차장이 있습니다.
자연대(자연과학대학) 5호관 인근의 계단은 학생들이 편리하게 이동할 수 있는 경로입니다.","35.845921, 127.130821","자연대 5호관 주차장 앞 계단으로 배달 가능한가요?
자연대(자연과학대학) 5호관 주차장 앞 계단에서 친구를 기다릴 예정인데, 여기로 오시겠어요?
자연대 5호관 앞 계단으로 와주세요.
자연대(자연과학대학) 5호관 앞 계단 근처에서 손님을 만나려고 하는데, 이곳으로 와 주실 수 있나요?
자연대(자연과학대학) 5호관 주차장 앞 계단에서 사람들을 만날 예정입니다. 여기로 와주세요.
자연대(자연과학대학) 5호관 주차장 앞 계단에서 잠시 쉬고 있는 사람들 주변에서 기다리고 있을게요. 여기로 배달 부탁드립니다.
자연대(자연과학대학) 5호관 주차장 앞 계단이고, 주변에 지쿠터 주차장이 보이는데 여기로 오시겠어요?
자연대 5호관 앞 계단 근처로 배달해주세요. 정확한 위치는 5호관 앞입니다.
자연대 5호관 주차장 앞 계단으로 편하게 오세요.
배달 도착하시면, 자연대(자연과학대학) 5호관 주차장 앞 계단으로 오시면 됩니다. 여기서 기다리고 있을게요.",
계단7,농대(농생대) 1호관 계단,"농대(농생대) 1호관 계단은 농대(농생대) 1호관 앞 도로와 농대(농생대) 1호관을 직접 연결합니다.
농대(농생대) 1호관 정문 앞에는 계단이 있습니다.
농대(농생대) 1호관 앞 계단을 올라오면 양 옆 잔디밭에 벤치가 있습니다.
이 계단은 농대(농생대) 1호관과 주변 도로를 잇는 중요한 연결점입니다.","35.848960, 127.130746","농대 1호관 계단으로 배달 가능한가요?
농생대 1호관 정문 앞 계단에서 친구를 기다릴 예정인데, 여기로 오시겠어요?
농생대 1호관 앞 계단에서 배달 가능한가요?
농대(농생대) 1호관 앞 계단 근처에서 손님을 만나려고 하는데, 이곳으로 와 주실 수 있나요?
농대(농생대) 1호관 앞 계단입니다.
농대(농생대) 1호관 계단에서 잠시 쉬고 있는 사람들 주변에서 기다리고 있을게요. 여기로 배달 부탁드립니다.
농생대 1호관 계단에서 친구를 만날 예정입니다.
농대 1호관 잔디밭에 계단이 있습니다.
농대 1호관 앞 도로와 농대 1호관을 연결한느 계단을 알려주세요.
배달 도착하시면, 농대 1호관 앞 계단으로 오시면 됩니다. 여기서 기다리고 있을게요.",
계단8,농대(농생대) 3호관과 학술림이 이어지는 계단,"농대(농생대) 3호관과 학술림 사이에는 계단이 있습니다.
농대(농생대) 3호관정문을 바라보고 건물을 따라 오른쪽으로 걸어오면 학술림으로 이어지는 계단이 있습니다.
농대(농생대) 3호관에서 학술림으로 가는 가장 빠른 길은 이 계단을 이용하는 길입니다.
학술림 입구를 마주보면 왼쪽에 농대(농생대) 3호관으로 가는 계단이 있습니다.","35.8488, 127.1343","""농대(농생대) 3호관과 학술림 사이 계단으로 배달 가능한가요?""
""농대(농생대) 3호관 정문에서 학술림으로 가는 계단이 있는데, 여기로 와주세요.""
""농대(농생대) 3호관에서 학술림으로 가는 계단을 이용하려고 하는데, 이 길로 오시겠어요?""
""학술림 입구를 마주보면 왼쪽에 농대(농생대) 3호관으로 가는 계단이 있는데, 여기로 오시겠어요?""
""농대(농생대) 3호관과 학술림 사이 계단으로 배달해주세요.""
""농대(농생대) 3호관과 학술림 사이 계단에서 친구를 기다릴 예정인데, 여기로 오시겠어요?""
""농대(농생대) 3호관에서 학술림으로 가는 가장 빠른 길은 이 계단을 이용하는 길이에요. 이곳으로 배달해주세요.""
""농대(농생대) 3호관과 학술림 사이 계단에서 손님을 만나려고 하는데, 이곳으로 와 주실 수 있나요?""
""농대(농생대) 3호관 정문에서 학술림으로 가는 계단으로 배달해주세요.""
""배달 도착하시면, 농대(농생대) 3호관과 학술림 사이 계단으로 오시면 됩니다. 여기서 기다리고 있을게요.""",
계단9,공대(공과대학) 4호관과 공대(공과대학) 9호관 사이 계단,"공대(공과대학) 4호관과 공대(공과대학) 9호관 사이에는 계단이 있습니다.
공대(공과대학) 4호관과 옆 계단을 내려가면 건너편에 공대(공과대학) 8호관이 위치해 있습니다.
공대(공과대학) 9호관 옆 계단 근처에는 지쿠터 주차장이 있습니다.
공대(공과대학) 4호관과 공대(공과대학) 9호관 사이의 계단은 공대(공과대학) 8호관으로 향하는 주요 통로 역할을 합니다.","35.8475, 127.1333","공대 4호관과 공대 9호관 사이 계단으로 배달 가능한가요?
공대 4호관과 공대 9호관 옆 계단을 내려가면 건너편에 공대 8호관이 위치해 있는데, 이곳으로 와주세요.
공과대학 9호관 지쿠터 주차장 근처 계단이 있는데, 여기로 배달해주세요.
공대 4호관과 공대 9호관 사이의 계단을 이용하여 배달해주세요.
공대(공과대학) 4호관과 공대(공과대학) 9호관 사이 계단에서 행사를 진행합니다.
공대 8호관으로 갈 수 있는 공대 4호관과 9호관 사이의 계단을 알려주세요.
공대(공과대학) 4호관과 공대(공과대학) 9호관 사이의 계단에서 손님을 기다릴 예정인데, 이곳으로 와 주실 수 있나요?
공대(공과대학) 4호관과 공대(공과대학) 9호관 사이의 계단을 내려가면 공대(공과대학) 8호관이 있어요.
배달 도착하시면, 공대(공과대학) 4호관과 공대(공과대학) 9호관 사이의 계단으로 오시면 됩니다. 여기서 기다리고 있을게요.
공대(공과대학) 4호관과 공대(공과대학) 9호관 사이의 계단을 통해 공대 8호관으로 가실 수 있습니다.",
구조물1,공대(공과대학) 1호관 정문 전광판,"공대(공과대학) 1호관 정문 앞 잔디밭에는 전광판이 있습니다.
공대(공과대학) 1호관 앞 전광판 옆에는 비석이 있습니다.
공대(공과대학) 1호관으로 가는 지름길 옆에는 전광판이 있습니다.
공대(공과대학) 1호관 앞 전광판을 통해 학교의 주요한 공지사항을 접할 수 있습니다.","35.8461, 127.1321","공대(공과대학) 1호관 정문 앞 잔디밭에 있는 전광판으로 배달 가능한가요?
공대(공과대학) 1호관 앞 전광판 옆에 있는 비석에서 만나자.
공대(공과대학) 1호관으로 가는 지름길 옆에 있는 전광판에서 행사를 진행합니다.
공대(공과대학) 1호관 앞 전광판으로 배달하려고 하는데, 가능한가요?
공대(공과대학) 1호관 정문 앞 잔디밭에 있는 전광판을 통해 배달해주세요.
공대(공과대학) 1호관 앞 전광판 옆에 있는 비석에서 배달 부탁드립니다.
전광판을 통해 학교의 주요한 공지사항을 확인하고자 하는데, 공대(공과대학) 1호관 앞 전광판으로 와주세요.
공대 1호관으로 가는 지름길 옆 전광판에서 친구를 기다리고 있어요. 이곳으로 오시겠어요?
배달 도착하시면, 공대(공과대학) 1호관 앞 전광판을 통해 오시면 됩니다. 여기서 기다리고 있을게요.
공대 1호관 앞 전광판이 있습니다.",
구조물2,공대(공과대학) 1호관 정문 비석,"공대(공과대학) 1호관 정문 앞 잔디밭에는 비석이 있습니다.
공대(공과대학) 1호관 정문 옆에 위치한 비석은 건물의 역사적 가치를 상징합니다.
공대(공과대학) 1호관 비석 옆에는 지름길이 있습니다.
공대(공과대학) 1호관 비석 근처에는 큰 나무가 많습니다.","35.8461, 127.1321","공대 1호관 정문 앞 잔디밭에 있는 비석으로 배달 가능한가요?
건물의 역사적 가치를 상징하는 공대(공과대학) 1호관 정문 옆 비석에서 행사를 진행합니다.
공대(공과대학) 1호관으로 가는 지름길 근처에 있는 비석이 있습니다.
공대(공과대학) 1호관 정문 앞 비석을 통해 배달하려고 하는데, 가능한가요?
공대(공과대학) 1호관 정문 앞 잔디밭에 있는 비석으로 전달해주세요.
건물의 역사적 가치를 상징하는 공대(공과대학) 1호관 정문 옆 비석에서 만나자.
비석 옆에 있는 지름길에서 배달해주세요. 공대(공과대학) 1호관으로 가려고 해요.
건물의 역사적 가치를 상징하는 공대(공과대학) 1호관 정문 옆 비석에서 친구를 기다리고 있어요. 이곳으로 오시겠어요?
배달 도착하시면, 공대(공과대학) 1호관 정문 앞 비석을 통해 오시면 됩니다. 여기서 기다리고 있을게요.
공대 1호관 정문 앞 비석을 이용하여 배달해주세요. 건물의 역사적 가치를 상징하고 있어요.",
구조물3,공대(공과대학) 5호관 철봉,"자연대(자연과학대학) 본관에서 공대(공과대학) 5호관으로 이어지는 지름길을 올라오면 철봉이 있습니다.
공대(공과대학) 5호관 입구로 연결되는 다리 옆에는 철봉이 설치되어 있습니다.
공대(공과대학) 5호관 철봉 근처에는 큰 나무가 많습니다.
공대(공과대학) 5호관 철봉은 간단한 운동을 하는 데 이용됩니다.","35.8472, 127.1314","자연대(자연과학대학) 본관에서 공대(공과대학) 5호관으로 이어지는 지름길 철봉 근처에서 배달 가능한가요?
공대(공과대학) 5호관 입구로 연결되는 다리 옆 철봉에서 친구를 만날 예정이에요. 여기로 오세요.
자연대 본관에서 공대 5호관으로 이어지는 지름길 철봉으로 음식을 배달해주세요.
공대 5호관 철봉 근처에 큰 나무가 많다던데, 그곳에 배달 가능한가요?
간단한 운동을 위해 공대 5호관 철봉으로 오시면 됩니다. 
공대(공과대학) 5호관에 낡은 철봉이 있습니다.
공대(공과대학) 5호관 입구로 연결되는 다리 옆 철봉에서 친구를 기다리고 있어요. 여기로 오시겠어요?
음식 배달 도착하시면, 자연대 본관에서 공대 5호관으로 이어지는 지름길 철봉으로 오시면 됩니다. 기다리고 있을게요.
자연대 본관에서 공대 5호관으로 이어지는 지름길 철봉은 어디있나요?
공대 5호관 철봉이 어디있는지 아시나요?",
구조물3,공대(공과대학) 2호관 철봉,"공대(공과대학) 2호관 뒤편 잔디밭에서 공대(공과대학) 5호관 방향으로 걸어가면 철봉이 있습니다.
자연대(자연과학대학) 본관에서 공대(공과대학) 2호관으로 이어지는 지름길을 올라오면 철봉이 설치되어 있습니다.
공대(공과대학) 2호관 철봉 근처에는 큰 나무가 많습니다.
공대(공과대학) 2호관 철봉은 간단한 운동을 하는 데 이용됩니다.","35.8472, 127.1314","공대 2호관에서 자연대로 이어지는 지름길 철봉 근처에 배달 가능한가요?
공과대학 2호관 옆 철봉에서 친구를 만날 예정이에요. 여기로 오세요.
자연대 본관에서 공대 2호관으로 이어지는 지름길 위의 철봉으로 와주세요.
공대 2호관 철봉 근처에 큰 나무가 많습니다.
간단한 운동을 위해 공대 2호관 철봉으로 오시면 됩니다. 
공대(공과대학) 2호관에 낡은 철봉이 있습니다.
공대(공과대학) 2호관 입구로 연결되는 다리 옆 철봉에서 친구를 기다리고 있어요. 여기로 오시겠어요?
음식 배달 도착하시면, 자연대 본관에서 공대 2호관으로 이어지는 지름길 철봉으로 오시면 됩니다. 기다리고 있을게요.
자연대 본관에서 공대 2호관으로 이어지는 지름길 철봉은 어디있나요?
공대 2호관 철봉이 어디있는지 아시나요?",
구조물4,공대(공과대학) 7호관 비행기,"공대(공과대학) 7호관 옆에는 비행기 모형이 설치되어 있습니다.
공대(공과대학) 7호관 비행기 근처에는 정자가 있습니다.
공대(공과대학) 1호관 정문에서 공대(공과대학) 7호관으로 이동하는 길에는 비행기 모형이 있습니다.
공대(공과대학) 비행기는 공대(공과대학) 7호관 흡연부스 근처에 위치해 있습니다.","35.846330, 127.133428","공대(공과대학) 7호관 옆 비행기 모형 근처로 와주세요.
공대 7호관 비행기 근처의 정자에서 음식을 배달해주세요.
공대 1호관 정문에서 공대 7호관까지 가는 도중에 비행기 모형이 있는데, 그곳으로 배달 가능한가요?
공대 7호관 흡연부스 근처에 위치한 공대 비행기는 어디있나요?
비행기 모형이 있는 공대(공과대학) 7호관 옆에서 음식을 배달해주세요.
음식 배달 도착하시면, 공대 7호관 옆 비행기 모형 근처로 오시면 됩니다.
공대 1호관 정문에서 공대 7호관까지 가는 도중에 있는 비행기 모형 근처에서 음식을 배달해주세요.
정자가 있는 공대(공과대학) 7호관 옆에서 친구를 기다리고 있어요. 여기로 음식을 배달해주세요.
공대 7호관 옆 비행기 모형 근처로 차를 가지고 와주세요.
공대 1호관 정문에서 공대 7호관까지 가는 길 중에 비행기 모형이 있는데, 여기로 배달 가능한가요?",
구조물5,중앙도서관 비석 (흙),"중앙도서관 앞에는 '흙'이라는 문구가 쓰인 비석이 있습니다.
중앙도서관에서 온실로 가는 길목에는 개교 70주년을 기념하는 비석이 세워져 있습니다.
중앙도서관 잔디밭에서 '흙' 비석을 지나면 농대(농생대) 부속농장이 나옵니다.
중앙도서관과 기숙사를 오가는 길은 '흙' 비석을 지나는 길이 가장 빠른 길입니다.","35.848600, 127.130431","중앙도서관 앞 '흙' 비석에서 음식 배달 가능한가요?
중앙도서관 근처에 개교 70주년 비석이 있습니다.
중앙도서관 잔디밭에서 '흙' 비석을 지나 농대 부속농장으로 배달 부탁드립니다.
중앙도서관과 기숙사를 오가는데 '흙' 비석을 따라오면 됩니다. 손님이 기다리고 있어요.
중앙도서관 앞 '흙' 비석에서 친구를 부를 예정입니다. 이곳으로 와주세요.
중앙도서관에서 개교 70주년 비석으로 가는 길에 음식 배달 가능한가요?
중앙도서관 '흙' 비석을 지나 농대 부속농장으로 배달 요청드립니다.
중앙도서관과 기숙사 사이 '흙' 비석을 따라오면 됩니다. 도착 예정입니다.
중앙도서관 앞 '흙' 비석에서 손님을 부를 예정입니다. 이곳으로 와주세요.
중앙도서관 앞에 개교 70주년 비석이 있는데, 이곳으로 음식 배달 가능한가요?",
구조물6,"농대(농생대) 본관 비석, 돌","농대(농생대) 본관 앞 잔디밭에는 비석이 세워져 있습니다.
이 비석은 농대(농생대) 본관의 특별한 랜드마크로 자리 잡고 있습니다.
농대(농생대) 본관 비석 뒤에는 수국정원이 있습니다.
농대(농생대) 본관 비석 앞에는 지쿠터 주차장이 있습니다.","35.848991, 127.132763","농대 본관 앞 잔디밭의 비석에서 음식 배달 가능한가요?
농대 본관의 랜드마크 비석 근처로 와주세요.
농대 본관 비석 뒤에 있는 수국정원으로 배달해주세요.
농대 본관 비석 앞에 위치한 지쿠터 주차장에서 음식을 받을 예정입니다. 가능한가요?
농대 본관 앞 잔디밭 비석에서 손님을 부를 예정입니다. 이곳으로 와주세요.
농대 본관 비석 뒤의 수국정원에서 음식 배달이 가능한가요?
농대 본관 비석 앞에 있는 지쿠터 주차장으로 배달해주세요.
농대 본관 앞 잔디밭의 비석에서 친구를 기다릴 예정입니다. 이곳으로 와주세요.
농대 본관의 특별한 랜드마크 비석 근처에서 음식 배달 가능한가요?
농대 본관 비석 뒤의 수국정원으로 물건 배송해주세요.",
구조물7,농대(농생대) 2호관 뒤 철봉,"공대(공과대학) 2호관 뒤편에는 철봉이 있습니다.
공대(공과대학) 2호관 뒤에 설치된 철봉은 공대(공과대학) 2호관 뒤 벤치와 가깝습니다.
공대(공과대학) 2호관 부속건물 옆에는 철봉이 있습니다.
공대(공과대학) 2호관의 철봉은 학생들이 집중력을 향상시키기 위한 간단한 운동을 하는 데 이용됩니다.","35.8494, 127.1315","공대 2호관 뒤편 철봉에서 음식 배달 가능한가요?
공대 2호관 뒤 벤치 근처 철봉으로 와주세요.
공대 2호관 부속건물 옆 철봉에서 음식을 받을 예정입니다.
공대 2호관의 철봉을 이용하여 간단한 운동을 할 예정입니다. 이곳으로 오세요.
공대 2호관 뒤편 철봉 옆 벤치 근처에서 음식 배달 부탁드립니다.
공대 2호관 부속건물 옆에 있는 철봉으로 와주세요.
공대 2호관의 철봉은 어디있나요?
공대 2호관 뒤편 철봉 근처에서 친구를 부를 예정입니다. 이곳으로 와주세요.
공대 2호관 뒤 벤치와 가까운 철봉에서 다들 모이기로 했습니다.
공대 2호관 부속건물 옆 철봉을 이용하여 운동을 할 예정입니다. 가능한가요?",
지름길1,공대(공과대학) 1호관 정문 지름길,"공대(공과대학) 1호관 앞 전광판과 비석 옆에 지름길이 있습니다.
공대 1호관 앞 지름길을 가로질러서 자연대로 이동할 수 있습니다. 
공대(공과대학) 1호관 정문 앞 지름길은 흙 길에 있습니다. 
공대(공과대학) 1호관 바로 앞에 지름길이 있습니다.","35.8463, 127.1320","공대 1호관 앞 전광판과 비석 옆에 지름길이 있습니다.
공대 1호관에서 자연대로 가려는데 지름길은 어디있나요?
공대 1호관 정문 앞 지름길은 어디에 있나요?
공대 1호관 앞 지름길을 따라 자연대로 이동할 예정입니다. 지름길로 모여주세요.
공대 1호관 정문 앞 지름길을 통해 자연대로 가려고 합니다. 가능한가요?
공대 1호관 바로 앞에 있는 지름길을 이용하여 자연대로 가려고 합니다. 가능한가요?
공대 1호관 앞 전광판과 비석 옆 지름길을 따라 자연대로 이동합니다. 가능한가요?
공대 1호관 앞 지름길을 통해 자연대로 이동하려고 합니다. 가능한가요?
공대 1호관 정문 앞 지름길이 흙 길에 있습니다.
공대 전광판과 비석을 가로지르는 지름길을 알려주세요.",
지름길10,농대(농생대) 공터와 캠퍼스 텃밭이 이어지는 지름길,"농대(농생대) 공터에서 캠퍼스 텃밭까지는 지름길을 통해 빠르게 갈 수 있어요. 
텃밭을 보러 갈 때는 농대(농생대) 공터 옆의 지름길을 이용하면 돼요. 
농대(농생대) 공터에서 시작해 캠퍼스 텃밭에 이르는 이 길은 학생들에게 잘 알려지지 않았어요. 
캠퍼스 텃밭으로 가는 빠른 길 중 하나는 농대(농생대) 공터 옆의 이 지름길이에요.","35.849183, 127.129787","농대(농생대) 공터에서 캠퍼스 텃밭까지 가는 빠른 지름길을 알려주세요.
농대(농생대) 공터 옆의 지름길을 이용하고 싶습니다.
농대(농생대) 공터에서 캠퍼스 텃밭까지 가는 길을 알려주세요.
농대 공터에서 캠퍼스 텃밭으로 가는 길이 있나요?
농대(농생대) 공터에서 시작해서 캠퍼스 텃밭으로 가는 지름길의 위치를 말해주세요.
텃밭으로 연결되는 농대(농생대) 공터 옆의 이 길로 모여주세요.
캠퍼스 텃밭을 찾아가는 길이 학생들 사이에서 알려지지 않은 길이 있는데 어디인가요?
농대(농생대) 공터와 캠퍼스 텃밭 사이의 다른 빠른 이동 경로를 알려주세요. 
농대의 캠퍼스 텃밭과 공터가 이어지는 지름길이 있어요.
농대(농생대) 공터에서 캠퍼스 텃밭까지 가는 길로 배달해주세요.",
지름길10,농대(농생대) 공터와 캠퍼스 텃밭이 이어지는 언덕,"캠퍼스 텃밭으로 가는 언덕은 농대(농생대) 공터에서 시작해요. 
농대 공터에서 언덕을 지나가면서 캠퍼스의 텃밭을 볼 수 있어요. 
캠퍼스 텃밭으로 이어지는 언덕은 농대(농생대) 공터에서 시작하는데, 걷기에 좋아요. 
농대(농생대) 공터에서 텃밭으로 가는 길은 언덕을 따라 자연스럽게 이어져요.","35.849183, 127.129787","언덕을 따라 농대(농생대) 공터에서 시작해서 캠퍼스 텃밭으로 가는 이 길은 어떤 경로를 따라가나요?
농대(농생대) 공터에서 시작하는 캠퍼스 텃밭 언덕을 알려줘.
농대(농생대) 공터에서 시작하는 캠퍼스 텃밭 언덕으로 배달해주세요.
캠퍼스 텃밭으로 가는 언덕은 농대 공터쪽에 있습니다.
농대 공터에서 시작하는 캠퍼스 텃밭 언덕에서 행사를 진행합니다.
농대 공터와 캠퍼스 텃밭 사이 언덕에서 친구와 만납니다.
농대(농생대) 공터와 캠퍼스 텃밭 사이의 언덕으로 와줄 수 있나요?
농대(농생대) 공터에서 캠퍼스 텃밭까지 이동하기 위한 언덕의 위치를 알고 싶습니다.
농대(농생대) 공터에서 캠퍼스 텃밭까지 연결되는 언덕으로 차를 가지고 와주세요.
농대(농생대) 공터에서 시작하는 캠퍼스 텃밭 언덕의 위치?",
지름길11,공대(공과대학) 8호관 뒤 도로와 학술림이 이어지는 지름길,"공대(공과대학) 8호관 뒤쪽으로 가면 학술림으로 직접 가는 지름길이 있어요. 
공대 8호관 뒤 도로와 학술림을 잇는 지름길은 조용해요. 
공대(공과대학) 8호관 뒤쪽 도로에서 시작하는 지름길은 학술림까지 이어져 조용한 산책을 즐길 수 있어요. 
학술림으로 가는 가장 빠른 길은 공대(공과대학) 8호관 뒤편에 있어요.","35.8487, 127.1338","학술림으로 가는 공대 8호관 뒤쪽 지름길은 어디있나요?
공대 8호관 뒤 도로와 학술림을 잇는 조용한 지름길의 위치를 알려주세요.
공대(공과대학) 8호관 뒤쪽 도로에서 시작하는 지름길로 와주세요.
학술림까지 이어지는 지름길을 따라 조용한 산책을 즐길 수 있으니, 그곳으로 와주세요.
학술림으로 가는 가장 빠른 길인 공대(공과대학) 8호관 뒤편의 지름길을 이용해주세요.
공대 8호관 뒤쪽 지름길이 무엇을 말하는 것인가요?
학술림에서 공대 8호관으로 이동할 수 있는 길을 알려줘.
공대 8호관 뒤쪽 도로에 있는 지름길을 통해 학술림까지 이동할 수 있어?
공대 8호관에서 학술림으로 가는 길이 있는데, 이 곳으로 배달해주세요.
공대(공과대학) 8호관 뒤쪽 조용한 지름길로 모여주세요.",
지름길2,공대(공과대학) 5호관에서 자연대(자연과학대학) 본관 이어지는 지름길,"공대(공과대학) 5호관과 자연대(자연과학대학) 본관을 오가는 학생들은 이 지름길을 종종 이용해요. 
자연대(자연과학대학) 본관으로 가는 길에는 공대(공과대학) 5호관 옆 지름길이 있습니다. 
공대(공과대학) 5호관에서 바로 자연대(자연과학대학) 본관으로 연결되는 지름길을 이용하면 시간을 절약할 수 있어요.  
자연대(자연과학대학) 본관으로 가는 지름길은 공대(공과대학) 5호관 뒤편에서 찾을 수 있습니다.","35.8476, 127.1309","자연대(자연과학대학) 본관과 공대(공과대학) 5호관을 오가는 학생들이 자주 이용하는 이 지름길은 어디에 있나요?
자연대(자연과학대학) 본관으로 가는 길에 위치한 공대(공과대학) 5호관 옆 지름길을 따라와주세요.
공대(공과대학) 5호관에서 자연대(자연과학대학) 본관으로 바로 연결되는 지름길을 이용하기위한 위치를 알려주세요.
공대 5호관에서 자연대(자연과학대학) 본관으로 가는 지름길을 찾아주세요.
공대 5호관에서 자연대 본관으로 가는 길에서 만나요.
공대 5호관 뒤편에 위치한 이 지름길을 통해 자연대 본관으로 가는 지름길에 배달해주세요.
공대 5호관에서 자연대 본관으로 이동할 수 있는 길은?
자연대 본관에서 공대 5호관으로 이어지는 길을 알려주세요.
공대(공과대학) 5호관 옆 지름길을 통해 자연대로 이동하는 길에 배달해주세요.
공대 5호관 뒤편에서 자연대로 이어지는 지름길로 모여주세요.",
지름길3,자연대(자연과학대학) 1호관에서 구정문 이어지는 지름길,"자연대(자연과학대학) 1호관에서 구정문까지 가는 지름길이 있습니다. 
구정문에서 자연대(자연과학대학) 1호관으로 이어지는 지름길 근처에 주차장이 있습니다.
자연대(자연과학대학) 1호관 앞에 있는 지름길을 통하면 구정문까지 바로 갈 수 있어요. 
구정문으로 가는 지름길은 자연대(자연과학대학) 1호관 옆에 있습니다.","35.845188, 127.127989","자연대(자연과학대학) 1호관에서 구정문까지 가는 지름길은 어디있나요?
자연애 1호관에서 구정문으로 이어지는 가까운 길로 와주세요.
자연대(자연과학대학) 1호관 앞의 지름길을 이용하면 구정문으로 빠르게 갈 수 있다는데, 어디있나요?
자연대 1호관에서 구정문으로 가는 이 지름길을 찾고 싶습니다.
자연대 1호관에서 구정문으로 이동하는 지름길로 배달해주실 수 있나요?
구정문과 자연대 1호관을 연결하는 이 지름길의 위치를 알려주세요.
구정문에서 자연대 1호관으로 갈 때 어느 길로 가면 될까요?
자연대 1호관에서 구정문이 이어지는 길로 배달해주세요.
학생들이 자주 이용하는 자연대 1호관에서 구정문이 이어지는 지름길의 위치는?
자연대 1호관에서 구정문을 갈 때, 이용할 수 있는 길을 제공해줘.",
지름길4,자연대(자연과학대학) 3호관 지름길,"자연대(자연과학대학) 3호관 지름길은 캠퍼스의 숨겨진 길 같아요. 
이 지름길은 자연대(자연과학대학) 3호관 학생들이 자주 이용합니다. 
자연대(자연과학대학) 3호관 옆의 지름길은 3호관 내에서만 이동할 수 있습니다. 
이 지름길은 자연대(자연과학대학) 3호관을 지나면서 여러 학과 건물들을 연결해주지는 않습니다.","35.847035, 127.130892","자연대(자연과학대학) 3호관 지름길은 어디인가요?
자연대(자연과학대학) 3호관 지름길의 정확한 위치를 알려주세요.
자연대 3호관 옆에 있는 길로 모여주세요.
자연대 3호관 지름길에서 행사를 진행하겠습니다.
자연대 3호관 학생들이 이용할 수 있는 지름길을 알려줘.
자연대 3호관 옆 지름길은 어디있어?
자연대 3호관에 있는 지름길로 배달해주세요!
자연대 3호관 지름길은 잘 보이지 않는데, 어디에 있나요?
타 단과대생들이 알 수 있도록 자연대 3호관의 지름길을 알려주세요.
자연대 3호관 지름길에서 사람들과 만나기로 했습니다.",
지름길5,중앙도서관 농대(농생대)와 이어지는 지름길,"중앙도서관에서 농대(농생대)로 가는 지름길은 경사가 있는 길이에요. 
중앙도서관에서 농대(농생대)로 직접 연결되는 지름길이 있어요. 
중앙도서관에서 공부를 마치고 농대(농생대)로 걸어가려면 이 지름길을 추천해요. 
중앙도서관에서 농대(농생대)로 연결되는 길 옆에 정자가 있어요.","35.848675, 127.131487","중앙도서관에서 농대(농생대)로 가는 경사가 있는 길은 어디인가요?
중앙도서관과 농대(농생대)를 연결하는 직접 연결되는 지름길의 위치는 어디인가요?
공부를 마친 후 중앙도서관에서 농대(농생대)로 이동할 때 이용할 수 있는 지름길이 있나요?
중앙도서관과 농대(농생대)를 연결하는 지름길로 배달해주세요.
농대생들이 자주 이용하는 중앙도서관 지름길이 있습니다.
경사가 있는 중앙도서관 지름길은 농생대로 이어지는데, 정확히 어디인가요?
농대쪽에 위치한 중앙도서관 지름길을 알려줘.
중앙도서관에서 농대(농생대)로 이동하는 길에서 모임이 있습니다.
중앙도서관에서 농대로 가는 학생들이 이용할만한 길을 알려줘.
중앙도서관에서 농대(농생대)로 가는 편한 길이 있어?",
지름길6,중앙도서관 공터 또는 잔디밭 가운데 길,"중앙도서관의 잔디밭을 가로질러 가는 길은 산책하기에 좋아요. 
중앙도서관 공터 또는 잔디밭 사이를 잇는 이 길을 따라가면 중앙도서관에 바로 도착해요. 
중앙도서관의 잔디밭을 가로지르는 이 길은 도서관 정문 앞에 있어요. 
도서관 앞 공터와 잔디밭을 연결하는 이 길은 사람들이 자주 지나가요.","35.848358, 127.130980","중앙도서관 앞 잔디밭에서 열리는 행사에 어디에서 참여할 수 있나요?
중앙도서관의 잔디밭을 가로지르는 길은 어디인가요?
중앙도서관 앞의 산책하기 좋은 길을 가려면 어디로 가야 합니까?
중앙도서관 잔디밭 가운데 길로 와주세요.
중앙도서관 공터 사이 길은 어디인가요?
중앙도서관 잔디밭 사이 골목에 음식 배달해주세요.
중앙도서관 앞 길에서 친구들과 만나려고 하는데 어디인가요?
중앙도서관 잔디밭에서 개최되는 책 바자회는 어디서 참가할 수 있나요?
중앙도서관 정문 앞에 있는 잔디밭 사이 길로 와주세요,
중앙도서관 잔디밭을 거쳐 가는 산책로에서 모이겠습니다.",
지름길7,공대(공과대학) 8호관 뒤 도로와 이어지는 농대(농생대) 본관 지름길,"공대(공과대학) 8호관 뒤쪽 도로를 따라가면 농대(농생대) 본관으로 바로 갈 수 있는 지름길이 나와요. 
농대(농생대) 본관으로 가는 가장 짧은 길은 공대(공과대학) 8호관 뒤편에서 시작해요. 
농대(농생대) 본관으로 가는 길 중에서도 공대(공과대학) 8호관 뒤편의 이 길이 가장 빨라요. 
공대(공과대학) 8호관 뒤편에서 시작해서 농대(농생대) 본관까지 이어지는 길이 있어요.","35.848791, 127.133437","공대 8호관 뒤쪽 도로를 따라가면 나오는 농대 본관 지름길로 와주세요..
공대 8호관에서 농대 본관으로 가는 가는 길에서 만나요.
공대에서 농대 본관으로 가는 길 중에서 어떤 위치가 가장 빠른 길인가요?
공대 8호관 뒤편에서 시작해서 농대 본관으로 이어지는 길은 어디에 있나요?
공대 8호관 뒤 도로와 농대가 이어지는 이 지름길은 어디에 있나요?
공대 8호관 뒤편에 공대 본관과 이어지는 길에 배달해주세요.
공대 8호관에서 농대 본관으로 바로 가는 길이 어디에 있는 건가요?
농대 본관에서 공대 8호관으로 갈 수 있는 지름길로 와주세요.
공대 8호관 뒤편에서 시작하는 이 길은 농대 본관과 이어지는데 어디인가요?
공대 8호관과 농대 본관을 잇는 지름길을 이용할 사람들에게 정확한 위치를 알려주세요.",
지름길8,농대(농생대) 본관 수국정원 지름길,"여름에 수국이 피는 정원으로 가는 가장 빠른 길은 농대(농생대) 본관 옆 지름길이에요. 
농대(농생대) 본관에서 수국정원까지 이어지는 지름길이 있어요. 
농대(농생대) 본관에서 옆에 꽃이 피어있는 이 지름길 주변에 비석이 있어요. 
농대 본관의 수국정원으로 가는 지름길은 계절마다 다른 식물들이 있습니다.","35.848919, 127.132750","농대 수국정원은 어디있나요?
농대 본관에서 수국정원까지 이어지는 지름길을 알려주세요.
농대 본관에서 옆에 꽃이 피어있는 이 지름길로 와주세요.
농대 본관의 수국정원이 있는 지름길에 배달해주세요.
여름에 농대 본관에서 수국정원까지 이어지는 이 지름길을 이용해주세요.
농대 본관 수국정원 길에서 모이도록 하겠습니다.
비석들이 있는 농대 수국정원에서 만나요.
농대 본관의 수국정원은 여러 식물들이 있는데, 이곳의 정확한 위치를 알려주세요.
수국정원으로 가는 길을 이용하고 싶습니다.
이곳을 방문하는 시기에 따라 농대 본관 옆 지름길 주변으로 배달해주세요.",
지름길9,농대(농생대) 공터와 농대(농생대) 1호관이 이어지는 지름길,"농대(농생대) 공터에서 시작하는 이 지름길은 농대(농생대) 1호관으로 가는 가장 빠른 길 중 하나에요.
농대(농생대) 1호관으로 가려면 공터와 1호관 사이에 있는 이 지름길을 따라가면 돼요.
농대(농생대) 1호관에 가려면 공터에서 출발해서 지름길을 통해 빠르게 이동할 수 있어요.
농대(농생대) 공터와 1호관 사이의 이 지름길은 학생들 사이에서 인기 있는 길 중 하나에요.","35.849345, 127.130131","농대 공터에서 시작하는 이 지름길은 어디있나요?
농대 1호관으로 가려면 이 지름길을 어디에서 찾을 수 있나요?
농대 1호관으로 가기 위해 공터에서 어떤 길을 따라가야 하나요?
농대 공터와 1호관 사이의 이 지름길로 와주세요.
농대 1호관에서 농대 공터까지 이어지는 지름길에 배달해주세요.
농대 공터와 농대 1호관 사이 지름길에서 만나자.
이 지름길은 농대 공터와 1호관 사이에 있습니다.
농대 공터에서 농대 1호관으로 오는 길이 있으니, 그 길로 와주세요.
농대 공터와 농대 1호관 사이 빠른 길에서 만납시다.
농대 공터와 1호관 사이의 이 지름길의 정확한 위치를 알려주세요.",
pm주차장1,공대(공과대학) 1호관 정문 지쿠터 주차장,"이 지쿠터 주차장은 공대(공과대학) 1호관 정문 앞에 자리하고 있어요. 
공대(공과대학) 1호관 정문 지쿠터 주차장은 학생들이 지쿠터를 자주 주차하는 장소 중 하나에요. 
공대(공과대학) 1호관 정문 지쿠터 주차장옆에는 자전거 보관함도 있어요. 
학기 초에 공대(공과대학) 1호관 정문 지쿠터 주차장 앞에서 개강행사가 자주 열려요.","35.8465, 127.1328","공대 1호관 정문 앞 지쿠터 주차장으로 와주세요.
공대 1호관 정문 앞 지쿠터 주차장에 배달해주세요.
공대 1호관 정문 앞 지쿠터 주차장에서 음식을 받겠습니다.
공대 1호관 정문 앞 지쿠터 주차장에서 친구를 만날 예정인데, 어떻게 찾아갈 수 있을까요?
개강행사는 공대 1호관 정문 앞 지쿠터 주차장 쪽에서 진행합니다.
공대 1호관 정문 앞 지쿠터 주차장에서 모이도록 합시다.
공대 1호관 정문 앞 지쿠터 주차장에 지쿠터를 보관해주세요.
학기 중 행사 공지는 공대 1호관 정문 앞 지쿠터 주차장에서 하겠습니다.
공대 1호관 정문 앞 지쿠터 주차장으로 모여줘.
공대 1호관 정문 앞 지쿠터 주차장에 물건을 전달해주실 수 있을까요?",
pm주차장10,공대(공과대학) 8호관 정문 지쿠터 주차장,"공대(공과대학) 8호관 정문 앞에 지쿠터 주차장이 있어요. 
주말에는 공대(공과대학) 8호관 정문 지쿠터 주차장은 중앙도서관과 가깝습니다.
공대(공과대학) 8호관 정문 앞 지쿠터 주차장은 보통 학생들이 수업을 듣는 시간에 지쿠터가 많이 있습니다.
공대(공과대학) 8호관 지쿠터 주차장 근처에 차가 주차되어 있습니다.","35.847979, 127.133780","공대 8호관 정문 앞의 지쿠터 주차장으로 음식 배달이 가능한가요?
주말에 공대 8호관 정문 지쿠터 주차장에서 이벤트를 개최합니다.  
공대 8호관 정문 지쿠터 주차장으로 음식 배달 주문을 할게요.
공대 8호관 정문 앞의 지쿠터 주차장 근처에서 물건을 찾아야 합니다. 그곳이 어디인가요?
공대 8호관 정문의 지쿠터 주차장에서 만나요.
학생들이 수업을 듣는 시간에 공대 8호관 정문의 지쿠터 주차장으로 배달을 해줄 수 있을까요?
공대 8호관 정문에 있는 지쿠터 주차장 근처로 와주세요.
공대 8호관 정문 앞의 지쿠터 주차장 근처로 물건을 전달해주세요.
중앙도서관 근처 공과대학 8호관 정문의 지쿠터 주차장은 어디인가요?
공대 8호관 정문의 주차장 주변에서 배달해주세요!",
pm주차장11,공대(공과대학) 9호관 지쿠터 주차장,"공대(공과대학) 9호관 주차장은 지쿠터를 타고 오는 사람들에게 필수적인 공간이에요. 
공대(공과대학) 9호관 지쿠터 주차장은 흡연구역 근처에 있습니다. 
공대(공과대학) 9호관 근처 지쿠터 주차장은 교수님들은 거의 사용하지 않습니다. 
보건소 근처에 공대 9호관 근처 지쿠터 주차장이 있습니다.","35.847400, 127.133716","공대 9호관 앞의 지쿠터 주차장으로 음식을 배달해주세요.
주말에 공대 9호관 지쿠터 주차장에서 이벤트를 개최합니다.  
공대 9호관 지쿠터 주차장은 흡연구연 근처에 있는데, 이곳에 음식 배달 주문을 할게요.
공대 9호관 흡연구연 근처에 있는 지쿠터 주차장 근처에서 물건을 찾아야 합니다. 그곳이 어디인가요?
공대 9호관 지쿠터 주차장에서 만나요.
공대 9호관 앞 지쿠터 주차장에서 모이도록 합시다.
공대 9호관 지쿠터 주차장에 지쿠터를 보관해주세요.
공대 9호관 지쿠터 주차장에 배달해주세요.
공대 9호관에 있는 지쿠터 주차장으로 모여줘.
공대 9호관 앞 지쿠터 주차장에 물건을 전달해주실 수 있을까요?",
pm주차장12,후생관 정문 지쿠터 주차장,"후생관 정문 지쿠터 주차장은 후생관 옆 카페와도 가깝게 있습니다. 
후생관 정문 앞 주차장은 벤치 옆에 위치합니다. 
후생관 정문 지쿠터 주차장은 점심시간에 많이 이용됩니다. 
후생관 계단 앞에 지쿠터 주차장이 있습니다.","35.847484, 127.134367","후생관 정문 지쿠터 주차장에서 음식 배달이 가능한가요?
후생관 정문 지쿠터 주차장 근처에서 이벤트를 개최하려고 합니다. 참석하실 건가요?
후생관 정문 앞 지쿠터 주차장은 어디인가요?
후생관 계단 앞 지쿠터 주차장에 물건을 배송해주세요.
후생관 옆 카페와도 가까운 지쿠터 주차장으로 와.
점심시간에 후생관 정문 지쿠터 주차장에서 음식을 배달해주실 수 있을까요?
후생관 계단 앞 지쿠터 주차장에서 친구와 만날 예정이에요. 어디에서 만날 수 있을까요?
후생관 정문 지쿠터주차장 옆 벤치에서 이벤트를 개최하려고 합니다. 
후생관 앞 지쿠터 주차장 주변에 주차된 차를 찾아야 합니다. 
후생관 정문 앞 지쿠터 주차장으로 주문한 음식을 받으려면 어디로 가야 하나요?",
pm주차장13,자연대(자연과학대학) 본관 지쿠터 주차장,"자연대(자연과학대학) 본관 앞에 지쿠터 주차장이 있어요.
자연대(자연과학대학) 본관 지쿠터 주차장 근처에 자전거 보관함도 있어요. 
자연대(자연과학대학) 본관 지쿠터 주차장을 지나면 공대로 갈 수 있습니다. 
자연대(자연과학대학) 본관 정문 앞에 바로 지쿠터 주차장이 있습니다.","35.8472, 127.1306","자연대 본관 앞 지쿠터 주차장에서 음식 배달이 가능한가요?
자연대 본관 지쿠터 주차장으로 와주세요.
자연대 본관 지쿠터 주차장 주변에 자전거 보관함도 있으니 참고하세요.
자연대 본관 정문 앞에 있는 지쿠터 주차장에서 물건을 찾아야 합니다. 어디인가요?
자연대 본관 앞 지쿠터 주차장에 있는 지쿠터를 이용하려고 하는데 어디에 있나요? 
점심시간에 자연대 본관 지쿠터 주차장에 음식을 배달해주실 수 있을까요?
자연대 본관 정문 앞 지쿠터 주차장에서 친구와 만날 예정이에요. 어디에서 만날 수 있을까요?
자연대 본관 지쿠터 주차장에서 이벤트를 개최합니다.
자연대 본관 앞 지쿠터 주차장 주변에 주차된 지쿠터를 찾아야 합니다. 어디로 가면 좋을까요?
자연대 본관 앞 지쿠터 주차장로 주문한 음식을 받으려면 어디로 가야 하나요?",
pm주차장14,자연대(자연과학대학) 1호관 지쿠터 주차장,"자연대(자연과학대학) 1호관 지쿠터 주차장은 주로 학생들이 이용해요. 
자연대(자연과학대학) 1호관 지쿠터 주차장은 헌혈의 집과 가깝습니다. 
자연대(자연과학대학) 1호관 지쿠터 주차장은 자연대 1호관 벤치 근처에 있습니다. 
자연대(자연과학대학) 1호관 근처 지쿠터 주차장 근처에 흡연구역이 있습니다.","35.845392, 127.127544","자연대 1호관 지쿠터 주차장에서 친구를 만나려면 어디로 가야 하나요?
자연대 1호관 지쿠터 주차장으로 와주세요.
자연대 1호관 지쿠터 주차장 근처에 물건을 배달하려면 어떻게 찾아가야 하나요?
자연대 1호관 지쿠터 주차장에서 만나자.
자연대 1호관 지쿠터 주차장 근처에 헌혈의 집이 있으니 참고해서 와줘.
자연대 1호관 근처 지쿠터 주차장 근처로 가려는데 어디있나요?
헌혈의 집 근처에 있는 자연대 1호관 근처 지쿠터 주차장으로 와주세요.
자연대 1호관 지쿠터 주차장에 지쿠터를 세워두면 됩니다.
자연대 1호관 지쿠터 주차장에서 이벤트를 개최하려고 합니다. 이쪽으로 와주세요.
자연대 1호관 근처 지쿠터 주차장 주변에서 지쿠터를 찾아야 합니다. 어떻게 찾을 수 있을까요?",
pm주차장15,자연대(자연과학대학) 2호관 정문 앞 지쿠터 주차장,"자연대(자연과학대학) 2호관 정문 주차장은 지쿠터를 주차하는 사람들에게 필수적인 공간이에요. 
자연대(자연과학대학) 2호관 정문 주차장은 자연대 2호관 부속건물 옆에 있습니다. 
자연대(자연과학대학) 2호관 앞에는 지쿠터 주차장이 있습니다. 
자연대(자연과학대학) 2호관에 지쿠터를 타고 방문하는 경우, 정문 지쿠터 주차장에 두고 내리면 됩니다.","35.844989, 127.128996","자연대 2호관 부속건물 근처 지쿠터 주차장에서 친구를 만나려면 어디로 가야 하나요?
자연대 2호관 정문 쪽에 있는 지쿠터 주차장으로 와주세요.
자연대 2호관 정문에 있는 지쿠터 주차장 근처에 물건을 배달하려면 어떻게 찾아가야 하나요?
자연대 2호관 정문 지쿠터 주차장에서 만나자.
자연대 2호관 정문 앞 지쿠터 주차장에 있는 지쿠터를 이용하려고 하는데 어디에 있나요? 
점심시간에 자연대 본관 지쿠터 주차장에 음식을 배달해주실 수 있을까요?
자연대 2호관 정문 앞 지쿠터 주차장에서 친구와 만날 예정이에요. 어디에서 만날 수 있을까요?
자연대 2호관 정문 방향의 지쿠터 주차장에서 이벤트를 개최합니다.
자연대 2호관 정문 지쿠터 주차장 주변에 주차된 지쿠터를 찾아야 합니다. 어디로 가면 좋을까요?
자연대 2호관 정문 지쿠터 주차장로 주문한 음식을 받으려면 어디로 가야 하나요?",
pm주차장16,자연대(자연과학대학) 2호관 옆 지쿠터 주차장,"자연대(자연과학대학) 2호관 옆 지쿠터 주차장은 구석진 곳에 있습니다. 
자연대(자연과학대학) 2호관 옆 지쿠터 주차장은 자주 사용되지는 않습니다. 
자연대(자연과학대학) 2호관 옆 지쿠터 주차장 앞에는 사람들이 자주 지나갑니다. 
자연대(자연과학대학) 2호관 지쿠터 주차장은 뉴실크로드건물에서 구정문으로 지나가는 길에 있습니다.","35.845081, 127.128476","자연대 2호관 옆 구석진 지쿠터 주차장은 어디에 있나요?
자연대 2호관 옆 지쿠터 주차장에 배달해주세요.
자연대 2호관 옆 지쿠터 주차장에서 음식을 받겠습니다.
자연대 2호관 옆 지쿠터 주차장에서 친구를 만날 예정인데, 어떻게 찾아갈 수 있을까요?
자연대 2호관 옆 지쿠터 주차장의 위치를 정확히 알려주실 수 있나요?
자연대 2호관 옆쪽에 있는 지쿠터 주차장에서 모이기로 했습니다.
자연대 2호관 옆 지쿠터 주차장에 지쿠터를 보관해주세요.
자연대 2호관 옆에 있는 지쿠터 주차장으로 물건을 전달해주세요.
자연대 2호관 옆 지쿠터 주차장으로 모여줘.
구정문 가는 길에 있는 자연대 2호관 옆 지쿠터 주차장으로 와주실 수 있나요?",
pm주차장17,자연대(자연과학대학) 3호관 지쿠터 주차장,"자연대(자연과학대학) 3호관 앞에 지쿠터 주차장이 있습니다. 
자연대(자연과학대학) 3호관 지쿠터 주차장에서는 공대로 쉽게 이동할 수 있어요. 
자연과학대학 3호관 옆에 지쿠터 전용 주차 공간이 있습니다. 
자연대(자연과학대학) 3호관 인근에 위치한 지쿠터 주차장이 보이며, 여기서 학생들이 지쿠터를 주차하고 수업으로 향합니다.","35.84697, 127.130329","자연대 3호관 근처 지쿠터 주차장에서 친구를 만나려면 어디로 가야 하나요?
자연대 3호관 쪽에 있는 지쿠터 주차장으로 와주세요.
자연대 3호관에 있는 지쿠터 주차장 근처에 물건을 배달하려면 어떻게 찾아가야 하나요?
자연대 3호관 앞 지쿠터 주차장에서 만나자.
자연대 3호관 앞 지쿠터 주차장에 있는 지쿠터를 이용하려고 하는데 어디에 있나요? 
점심시간에 자연대 3호관 근처 지쿠터 주차장에 음식을 배달해주실 수 있을까요?
자연대 3호관 정문 지쿠터 주차장에서 친구와 만날 예정이에요. 어디에서 만날 수 있을까요?
자연대 3호관의 지쿠터 주차장에서 이벤트를 진행하고 있습니다.
자연대 3호관 지쿠터 주차장 주변에 주차된 지쿠터를 찾으려는데, 어디로 가면 좋을까요?
자연대 3호관 지쿠터 주차장으로 음식을 주문하겠습니다.",
pm주차장18,자연대(자연과학대학) 4호관 지쿠터 주차장,"자연대(자연과학대학) 4호관 지쿠터 주차장은 암석공원 근처에 있습니다. 
자연대 4호관 지쿠터 주차장은 자연대 5호관과 가깝습니다. 
자연과학대학교 4호관 앞의 지쿠터 전용 주차장은 주차장 근처에 있습니다. 
해질 무렵, 자연대(자연과학대학) 4호관 지쿠터 주차장에서는 학생들이 수업을 마치고 지쿠터를 타고 귀가합니다.","35.846502, 127.130970","자연대 4호관 지쿠터 주차장은 어디에 있나요?
자연대 4호관에 있는 지쿠터 주차장에 배달해주세요.
자연대 4호관 지쿠터 주차장에서 음식을 받겠습니다.
자연대 4호관 지쿠터 주차장에서 친구를 만날 예정인데, 어떻게 찾아갈 수 있을까요?
자연대 4호관 지쿠터 주차장의 위치를 정확히 알려주실 수 있나요?
자연대 4호관에 있는 지쿠터 주차장에서 모이기로 했습니다.
자연대 4호관 앞 암석공원이 있는 지쿠터 주차장에 지쿠터를 보관해주세요.
암석공원 근처 지쿠터 주차장으로 와주세요.
자연대 4호관 지쿠터 주차장으로 모여줘.
자연대 4호관 지쿠터 주차장으로 와주실 수 있나요?",
pm주차장19,자연대(자연과학대학) 5호관 지쿠터 주차장,"자연대(자연과학대학) 5호관 지쿠터 주차장은 자연대 5호관 계단 위에 있습니다. 
자연대 5호관 지쿠터 전용 주차장에서 출발하여 자연대(자연과학대학) 5호관 교실로 향하는 학생들을 자주 볼 수 있어요. 
자연대(자연과학대학) 5호관 지쿠터 주차장은 자연대(자연과학대학) 5호관 정문 바로 앞에 위치하고 있어요. 
자연대(자연과학대학) 5호관 지쿠터 주차장은 rotc 건물 옆에 위치하고 있습니다.","35.845951, 127.130883","자연대 5호관 지쿠터 주차장은 어디있나요?
자연대 5호관 지쿠터 주차장으로 배달해주실 수 있나요?
자연대 5호관 지쿠터 주차장과의 정확한 위치를 알려줄 수 있나요?
ROTC 건물 옆 자연대 건물에 있는 지쿠터 주차장을 알려주세요.
자연대 5호관 지쿠터 주차장으로 와주세요.
자연대 5호관 지쿠터 주차장에서 기다리갰습니다.
자연대 5호관 계단 위에 있는 지쿠터 주차장으로 와주세요.
자연대 5호관 지쿠터 주차장 주변에 있습니다.
자연대 5호관 지쿠터 주차장에서 모이도록 하겠습니다.
자연대 5호관 앞의 지쿠터 주차장을 알려주세요.",
pm주차장2,공대(공과대학) 1호관과 공대(공과대학)2호관 사이 지쿠터 주차장,"공대(공과대학) 1호관과 2호관 사이에 지쿠터 주차장이 있습니다. 
공대(공과대학) 1호관과 2호관 사이에 마련된 지쿠터 주차장은 교수 주차장 옆에 있습니다.
공대(공과대학) 2호관 옆에 있는 지쿠터 주차장은 공대 1호관과 가깝습니다. 
지쿠터들이 줄지어 세워진 공대(공과대학) 1호관과 2호관 사이의 주차장 근처에 사람들이 자주 지나갑니다.","35.8466, 127.1318","공대 1호관과 2호관 사이의 지쿠터 주차장으로 음식을 배달해주실 수 있나요?
교수 주차장 옆, 공대 1호관과 2호관 사이에 있는 지쿠터 주차장에 물건을 배달해야 하는데 정확한 위치를 알려주실 수 있나요?
공대 1호관 근처 지쿠터 주차장에서 친구를 만나기로 했는데, 그곳까지 가는 가장 좋은 길은 무엇인가요?
공대 2호관 옆 지쿠터 주차장에 도착하려면 어느 방향으로 가야 하나요?
공대 1호관과 2호관 사이의 지쿠터 주차장에서 손님을 기다리려고 합니다. 가장 편리한 대기 장소는 어디인가요?
공대 2호관 옆의 지쿠터 주차장으로 식사를 배달해달라고 할 때, 어떤 정보를 제공해야 하나요?
공대 1호관과 2호관 사이 지쿠터 주차장에서 만날 예정인데, 그곳에 어떻게 도착할 수 있나요?
지쿠터 주차장 근처에서 소포를 받으려고 하는데, 배달 기사에게 어떻게 설명해야 할까요?
공대 1호관과 2호관 사이에 있는 지쿠터 주차장으로 가는 가장 직접적인 길은 어디인가요?
공대 1호관 근처에 있는 지쿠터 주차장에서 친구를 기다리고 있습니다. 여기의 위치를 알려줄 수 있나요?",
pm주차장20,중앙도서관 공대(공과대학) 근처 지쿠터 주차장,"중앙도서관 근처의 지쿠터 주차장은 도서관 건물 바로 옆에 있어요. 
중앙도서관 지쿠터 주차장은 공대 8호관과 인접해있습니다. 
중앙도서관과 공대(공과대학) 건물 사이에 위치한 지쿠터 주차장에서는 학생들이 자주 오가고 있습니다. 
지쿠터 주차장, 중앙도서관과 공대(공과대학) 사이에 자리 잡은 이곳에는 지쿠터가 많이 주차됩니다.","35.848111, 127.132494","중앙도서관 근처 공대 방향 지쿠터 주차장은 어떤 장소에 위치하고 있나요?
중앙도서관 옆 지쿠터 주차장으로 배달해주실 수 있나요?
공대 8호관과 인접한 중앙도서관 지쿠터 주차장에서 친구를 만나기로 했어요. 그곳까지 어떻게 가야 하나요?
중앙도서관과 공대 건물 사이의 지쿠터 주차장으로 물건을 보내려고 합니다. 배달 위치를 어떻게 설명해야 하나요?
지쿠터 주차장에서 손님을 기다릴 건데, 중앙도서관과 공대 사이에 위치한 이곳으로 오는 가장 좋은 방법은 무엇인가요?
중앙도서관 근처 지쿠터 주차장에서 커피를 배달 받으려고 합니다. 공대 방향에 있는데, 여기는 정확히 어디인가요?
공대 8호관 근처 중앙도서관 지쿠터 주차장에서 친구와 만나기로 했는데, 그곳을 쉽게 찾을 수 있을까요?
중앙도서관과 공대 사이에 있는 지쿠터 주차장으로 문서를 보내려고 합니다. 주소를 어떻게 적어야 할까요?
중앙도서관에서 공대 근처 지쿠터 주차장에서 급한 소포를 기다리고 있습니다. 이곳으로 빠르게 배달해주실 수 있나요?
중앙도서관 공대쪽 지쿠터 주차장에서 친구를 기다리고 있는데, 이곳의 정확한 위치는 어디인가요?",
pm주차장21,중앙도서관 공터 근처 지쿠터 주차장,"중앙도서관 인근 공터 앞에 지쿠터 주차장이 있습니다. 
중앙도서관 근처의 지쿠터 주차장 근처에 흡연구역이 있습니다.
중앙도서관 근처의 지쿠터 주차장은 도서관 건물 바로 앞에 있어요. 
중앙도서관 공터(잔디밭) 근처 지쿠터 주차장 앞에는 자전거 보관소가 있습니다.","35.847956, 127.131519","중앙도서관 공터 앞 지쿠터 주차장으로 음식을 배달시킬게요.
중앙도서관 근처의 흡연구역 주변에 지쿠터 주차장을 찾을 수 있을까요?
중앙도서관 공터 바로 앞에 있는 지쿠터 주차장의 위치는 어디인가요?
중앙도서관 공터 근처 지쿠터 주차장 앞에서 행사를 진행하겠습니다.
중앙도서관 공터 앞 지쿠터 주차장 근처로 와주세요.
중앙도서관 공터 앞 지쿠터 주차장에 큰 소포를 보내려고 하는데, 정확한 위치를 알려주실 수 있나요?
중앙도서관 공터 근처 지쿠터 주차장으로 가는 가장 빠른 길은 어떻게 되나요?
중앙도서관 공터 인근 지쿠터 주차장에 어떻게 도착할 수 있나요?
중앙도서관 근처 지쿠터 주차장 근처에서 손님을 기다리려고 하는데, 정보를 주세요.
중앙도서관 공터 인근의 지쿠터 주차장 앞에서 누군가를 만나려고 합니다.",
pm주차장22,농대(농생대) 본관 정문 지쿠터 주차장,"농대(농생대) 본관 정문 앞에 지쿠터 주차장이 있습니다. 
주말에는 농대(농생대) 본관 정문 지쿠터 주차장 앞에 지쿠터가 거의 없습니다. 
농대(농생대) 본관의 정문 바로 앞에 있는 지쿠터 주차장 맞은 편엔 일반 주차 공간이 있습니다. 
농대(농생대) 본관 지쿠터 주차장은 정문 양쪽에 있습니다. ","35.849117, 127.133260","농대 본관 정문 앞 지쿠터 주차장으로 배달해주실 수 있나요?
주말에 농대 본관 정문 지쿠터 주차장 앞에서 만나려고 하는데, 주변에 좋은 대기 장소가 있나요?
농대 본관 정문 쪽에 있는 지쿠터 주차장으로 와주세요.
농대 본관 정문 앞 지쿠터 주차장으로 배달해주세요.
농대 본관 지쿠터 주차장으로 큰 소포를 보내려고 하는데, 정확한 위치를 알려주실 수 있나요?
농대 본관 정문 앞 지쿠터 주차장에 손님을 만나기로 했습니다. 위치를 알려주세요.
농대 본관 정문 지쿠터 주차장 앞에서 친구를 기다리고 있습니다. 여기는 어디인가요?
농대 본관 정문에 지쿠터를 주차할만한 곳이 있나요?
농대 본관 지쿠터 주차장을 알려주세요.
농대 본관 정문 바로 앞에 있는 지쿠터 주차장으로 와주세요.",
pm주차장23,농대(농생대) 본관 우측 지쿠터 주차장,"농대(농생대) 본관 우측 지쿠터 주차장은 본관 우측 출입구 계단 근처에 있습니다.
농대(농생대) 본관 우측 지쿠터 주차장에서 흡연하는 사람들도 있습니다. 
농대(농생대) 본관의 우측에 자리한 지쿠터 주차장은 학생들이 자주 모이는 휴식 공간으로도 이용됩니다. 
농대(농생대) 본관 우측에 위치한 지쿠터 주차장 맞은 편에도 일반 주차공간이 있습니다.","35.849124, 127.133727","농대 본관 우측 지쿠터 주차장으로 피자를 배달해 주세요.
농대 본관 우측 지쿠터 주차장의 위치를 알려주세요.
농대 본관 우측에 있는 지쿠터 주차장에서 친구를 만나려고 합니다. 그곳은 어디인가요?
농대 본관 우측 지쿠터 주차장 맞은편의 일반 주차공간에 차를 주차하려면 어디로 가야하나요?
농대 본관 우측 지쿠터 주차장에서 커피를 배달 받으려고 합니다. 여기는 어디인가요?
농대 본관 우측 지쿠터 주차장에서 친구와 만나기로 했는데, 그곳의 정확한 위치를 알려주세요.
농대 본관 우측 지쿠터 주차장으로 중요한 소포를 보내려고 하는데, 정확한 위치를 알려주실 수 있나요?
농대 본관 우측 지쿠터 주차장에서 기다리고 있습니다.
농대 본관 우측 지쿠터 주차장에 지쿠터를 주차해주세요.
농대 본관 우측에 위치한 지쿠터 주차장 맞은편에 있는 주차 공간을 어떻게 찾을 수 있나요?",
pm주차장24,농대(농생대) 1호관 지쿠터 주차장,"농대(농생대) 1호관 앞에 지쿠터 주차장이 있어요.
농대 1호관 앞 지쿠터 주차장은 농대 학생들이 주로 이용합니다.
농대(농생대) 1호관 지쿠터 주차장은 농산물 가공공장과 가깝습니다. 
농대(농생대) 1호관으로 가는 지름길을 따라 들어가면 지쿠터 주차장이 있습니다.","35.849015, 127.131023","농대 1호관 앞 지쿠터 주차장으로 음식 배달을 요청합니다.
농대 1호관 앞 지쿠터 주차장에서 학생들을 만나려면 어디로 가야 하나요?
농산물 가공공장 근처에 있는 농대 1호관 앞 지쿠터 주차장으로 어떻게 가나요?
농대 1호관으로 가는 지름길을 따라 지쿠터 주차장에 도착하려는데 어디인가요?
농대 1호관 앞 지쿠터 주차장에서 큰 소포를 받으려고 하는데, 정확한 위치를 알려주실 수 있나요?
농대 1호관 앞 지쿠터 주차장에서 모이기로 해요.
농대 1호관 앞 지쿠터 주차장은 어디인가요?
농대 1호관 앞 지쿠터 주차장에서 지쿠터를 찾고 싶습니다. 어디에 있나요?
농대 1호관 앞 지쿠터 주차장으로 안내해주세요.
농대 1호관 앞 지쿠터 주차장에서 만날 예정인데, 그곳은 어디인가요?",
pm주차장25,농대(농생대) 2호관 지쿠터 주차장,"농대(농생대) 2호관 앞에 지쿠터 주차장이 있습니다. 
농대(농생대) 2호관 지쿠터 주차장 근처에 벤치가 있습니다. 
농대(농생대) 2호관 근처에 위치한 지쿠터 주차장은 농대 2호관 정문 앞에 있습니다 . 
농대(농생대) 2호관 바로 옆에 조성된 지쿠터 주차장은 학생들에게 편리한 지쿠터 공간을 제공합니다.","35.848965, 127.131649","농대 2호관 앞 지쿠터 주차장으로 음식 배달을 요청합니다.
농대 2호관 앞 지쿠터 주차장에서 학생들을 만나려면 어디로 가야 하나요?
농대 2호관 벤치 근처에 있는 지쿠터 주차장으로 어떻게 가나요?
농대 2호관으로 가는 지름길을 따라 지쿠터 주차장에 도착하려는데 어디인가요?
농대 2호관 앞 지쿠터 주차장에서 택배를 받으려고 하는데, 정확한 위치를 알려주실 수 있나요?
농대 2호관 앞 지쿠터 주차장에서 모이기로 해요.
농대 2호관 앞 지쿠터 주차장은 어디인가요?
농대 2호관 앞 지쿠터 주차장에서 지쿠터를 찾고 싶습니다. 어디에 있나요?
농대 2호관 앞 지쿠터 주차장으로 안내해주세요.
농대 2호관 앞 지쿠터 주차장에서 만날 예정인데, 그곳은 어디인가요?",
pm주차장26,농대(농생대) 3호관 정문 앞 지쿠터 주차장,"농대(농생대) 3호관 정문 앞에 지쿠터 주차장이 있습니다. 
주말에는 농대(농생대) 3호관 정문 앞 지쿠터 주차장 근처 길을 통해 도로로 나가면 중앙도서관이 있습니다. 
농대(농생대) 3호관 정문 근처에 지쿠터 주차장이 있습니다. 
농대(농생대) 3호관의 정문 앞에 마련된 지쿠터 주차장은 수업 시간이면 학생들로 가득 차곤 합니다.","35.848452, 127.134788","농대 3호관 정문 앞 지쿠터 주차장으로 음식 배달을 해주세요.
주말에 농대 3호관 정문 앞 지쿠터 주차장에 주차를 하려는데, 위치를 알려주세요.
농대 3호관 정문 근처 지쿠터 주차장에서 친구를 만나려면 어디로 가야 하나요?
쉬는 시간에 농대 3호관 정문 앞 지쿠터 주차장에 자리를 찾으려면 어떻게 해야 하나요?
농대 3호관 정문 앞 지쿠터 주차장에서 큰 소포를 받으려고 하는데, 정확한 위치를 알려주실 수 있나요?
농대 3호관 정문 앞 지쿠터 주차장이 있는 곳은 어디인가요?
농대 3호관 정문 앞 지쿠터 주차장 근처에서 손님을 기다리고 있습니다. 
농대 3호관 정문 앞 지쿠터 주차장에서 행사를 진행합니다.
농대 3호관 정문 앞 지쿠터 주차장에서 만날 예정인데, 그곳에 어떻게 도착할 수 있나요?
농대 3호관 정문 앞 지쿠터 주차장 근처로 와주세요.",
pm주차장27,농대(농생대) 3호관과 농대(농생대) 4호관 사이 지쿠터 주차장,"농대(농생대) 3호관과 4호관 사이에 지쿠터 주차장이 있습니다. 
농대(농생대) 3호관과 농대(농생대) 4호관 사이 지쿠터 주차장에서 흡연을 하는 사람들이 있습니다. 
농대(농생대) 3호관과 4호관 사이에 자리한 지쿠터 주차장은 학생들이 다른 건물로 향하는 이동통로에 있어요. 
농대(농생대) 3호관과 4호관 사이에 위치한 이 지쿠터 주차장은 학기 중에는 학생들의 만남의 장소가 됩니다.","35.848609, 127.135218","농대 3호관과 4호관 사이 지쿠터 주차장으로 음식을 배달해주세요.
농대 3호관과 4호관 사이 지쿠터 주차장에서 흡연하는 사람들이 있을 수 있어요. 그곳으로 와주세요.
농대 3호관과 4호관 사이 지쿠터 주차장에서 만나자. 위치는 여기야.
농대 3호관과 4호관 사이 지쿠터 주차장에서 학생들을 만나려면 어디로 가야 하나요?
농대 3호관과 4호관 사이 지쿠터 주차장에서 큰 소포를 받으려고 하는데, 정확한 위치를 알려주실 수 있나요?
농대 3호관과 4호관 사이 지쿠터 주차장이 있는 길은 어디인가요?
농대 3호관과 4호관 사이 지쿠터 주차장 근처에서 손님을 기다리고 있습니다. 여기가 어디인가요?
농대 3호관과 4호관 사이 지쿠터 주차장에서 행사를 진행합니다.
농대 3호관과 4호관 사이 지쿠터 주차장에서 만날 예정인데, 그곳에 어떻게 도착할 수 있나요?
농대 3호관과 4호관 사이에서 지쿠터를 주차하고 싶은데 어디로 가면 돼?",
pm주차장28,농대(농생대) 4호관 지쿠터 주차장,"농대(농생대) 4호관 앞에 지쿠터 주차장이 있어요. 
농대(농생대) 4호관 지쿠터 주차장에서 학교 내 식당 후생관을 방문하는 사람들도 있어요. 
농대(농생대) 4호관 지쿠터 주차장 근처에 제2 도서관이 있어요. 
농대(농생대) 4호관 옆에 조성된 지쿠터 주차장 근처에 흡연을 할 수 있는 정자가 있습니다.","35.848352, 127.135283","농대 4호관 앞 지쿠터 주차장으로 배달해주세요.
농대 4호관 앞에 지쿠터를 주차할만한 곳을 알려주세요.
농대 4호관 지쿠터 주차장 근처에서 행사를 진행할게요.
농대 4호관에 있는 흡연 가능한 정자 근처 지쿠터 주차장으로 와주세요.
농대 4호관 앞 지쿠터 주차장에서 큰 소포를 받으려고 하는데, 정확한 위치를 알려주실 수 있나요?
농대 4호관 앞 지쿠터 주차장은 어디인가요?
농대 4호관 앞 지쿠터 주차장 근처에서 손님을 기다리고 있습니다. 이곳의 위치 정보를 주세요.
농대 4호관 앞 지쿠터 주차장에서 만나요.
농대 4호관 앞 지쿠터 주차장에서 만날 예정인데, 그곳에 어떻게 도착할 수 있나요?
농대 4호관 앞에 위치한 지쿠터 주차장에서 지쿠터를 이용하고 싶은데, 어디에 있나요?",
pm주차장29,농대(농생대) 실습장 기숙사 근처 지쿠터 주차장,"농대(농생대) 실습장과 기숙사로 가는 길 사이에 지쿠터 주차장이 위치해있습니다. 
기숙사 근처 버스정류장 앞에 농대 실습장 근처 지쿠터 주차장이 있습니다. 
농대(농생대) 실습장과 기숙사 근처 지쿠터 주차장을 지나가면 훈산건지하우스가 있습니다. 
지쿠터로 가득한 농대(농생대) 실습장 인근 기숙사 옆 지쿠터 주차장은 근처에 자전거 보관함과 벤치가 있습니다.","35.849901, 127.128262","농대실습장 기숙사 근처 지쿠터 주차장으로 배달해주세요.
농대 실습장 기숙사 근처에 지쿠터를 주차할만한 곳을 알려주세요.
농생대 실습장 기숙사 근처 지쿠터 주차장에서 행사를 진행할게요.
농대 실습장 기숙사 근처 지쿠터 주차장으로 와주세요.
농대 실습장 기숙사 근처 지쿠터 주차장에서 큰 소포를 받으려고 하는데, 정확한 위치를 알려주실 수 있나요?
농생대 실습장 기숙사 근처 지쿠터 주차장은 어디인가요?
농대 실습장 기숙사 근처 지쿠터 주차장에서 손님을 기다리고 있습니다. 이곳의 위치 정보를 주세요.
농대 실습장 기숙사 근처 지쿠터 주차장에서 만나요.
농대 실습장 기숙사 근처 지쿠터 주차장에서 만날 예정인데, 그곳에 어떻게 도착할 수 있나요?
농대 실습장 기숙사 근처 지쿠터 주차장에서 지쿠터를 이용하고 싶은데, 어디에 있나요?",
pm주차장3,공대(공과대학) 2호관 지쿠터 주차장,"공대(공과대학) 2호관에 지쿠터 주차장이 있습니다. 
공대(공과대학) 2호관 지쿠터 주차장은 공대 1호관과 가깝습니다. 
공대(공과대학) 2호관 지쿠터 주차장 옆에 자연관으로 통하는 계단이 있습니다. 
공대(공과대학) 2호관 인근의 지쿠터 주차장은 공대 1호관 가운데에 있는 교수 주차장 옆에 있습니다.","35.8465, 127.1317","공대 2호관 앞 지쿠터 주차장으로 배달해주세요.
공대 2호관 앞에 지쿠터를 주차할만한 곳을 알려주세요.
공대 2호관 지쿠터 주차장에서 행사를 한다는데, 위치를 제공해주세요.
공대 2호관 흡연 가능한 정자 근처 지쿠터 주차장으로 와주세요.
공대 2호관 앞 지쿠터 주차장에서 큰 소포를 받으려고 하는데, 정확한 위치를 알려주실 수 있나요?
공대 2호관 지쿠터 주차장은 어디인가요?
공대 2호관 지쿠터 주차장 근처에서 손님을 기다리고 있습니다. 이곳의 위치 정보를 주세요.
공대 2호관 근처 지쿠터 주차장에서 만나요.
공대 2호관 지쿠터 주차장에서 만날 예정인데, 그곳에 어떻게 도착할 수 있나요?
공대 2호관에 위치한 지쿠터 주차장에서 지쿠터를 이용하고 싶은데, 어디에 있나요?",
pm주차장4,공대(공과대학) 3호관 지쿠터 주차장,"공대(공과대학) 3호관 바로 앞에 지쿠터 주차장이 있습니다. 
공대(공과대학) 3호관 지쿠터 주차장은 공대 6호관 앞 교수 주차장과 가깝습니다. 
공대(공과대학) 3호관 지쿠터 주차장 앞에 공대 7호관 정자가 있습니다.
공대(공과대학) 3호관 인근의 지쿠터 주차장 앞에는 공대 비행기 모형이 있습니다.","35.846568, 127.133615","공대 3호관 바로 앞 지쿠터 주차장으로 음식을 배달해주세요.
공대 6호관 앞 교수 주차장 근처에 있는 공대 3호관 지쿠터 주차장을 알려주세요.
공대 7호관 정자에서 공대 3호관 지쿠터 주차장 앞에 어떻게 가나요?
공대 비행기 모형 근처에 있는 3호관 지쿠터 주차장의 위치는? 
공대 3호관 바로 앞 지쿠터 주차장에서 큰 소포를 받으려고 하는데, 정확한 위치를 알려주실 수 있나요?
공대 3호관 앞 지쿠터 주차장은 어디인가요?
공대 3호관 앞 지쿠터 주차장 근처에서 손님을 기다리고 있습니다. 여기는 어디에 있나요?
공대 3호관 앞 지쿠터 주차장 근처로 모여주세요.
공대 3호관 앞 지쿠터 주차장에서 만날 예정인데, 그곳에 어떻게 도착할 수 있나요?
공대 3호관 바로 앞에 위치한 지쿠터 주차장 근처로 배송해주세요!",
pm주차장5,공대(공과대학) 4호관 앞 지쿠터 주차장,"공대(공과대학) 4호관 앞에 지쿠터 주차장이 있습니다. 
공대(공과대학) 4호관 앞 지쿠터 주차장 앞에는 흡연을 할 수 있는 정자가 있습니다. 
공대(공과대학) 4호관 앞에 자리한 지쿠터 주차장 근처에는 공대 편의점이 있습니다. 
공대(공과대학) 4호관 정문 앞 지쿠터 주차장은 학생들에게 많은 편의를 제공합니다.","35.8474, 127.1327","공대 4호관 앞 지쿠터 주차장으로 피자를 배달해 주실 수 있나요?
공대 4호관 앞 흡연 정자 주변 지쿠터 주차장에서 친구를 만나려고 합니다. 그곳을 어떻게 찾을 수 있나요?
공대 4호관 앞 지쿠터 주차장 근처 공대 편의점으로 물건을 보내려고 합니다. 정확한 위치를 알려주실 수 있나요?
공대 4호관 정문 앞 지쿠터 주차장에서 소포를 받으려고 합니다. 여기는 어디인가요?
공대 4호관 앞 지쿠터 주차장으로 가는 가장 빠른 길은 어디인가요?
공대 4호관 앞 지쿠터 주차장 근처에서 손님을 기다리고 있습니다. 여기의 정확한 위치는 말해주세요.
공대 4호관 앞 지쿠터 주차장으로 와주세요.
공대 4호관 앞 지쿠터 주차장에서 만날 예정인데, 그곳에 어떻게 도착할 수 있나요?
공대 4호관 앞 지쿠터 주차장에서 만나요.
공대 4호관 앞 지쿠터 주차장에서 저녁 시간에 만나기로 했습니다. 이곳은 어디인가요?",
pm주차장6,공대(공과대학) 5호관 지쿠터 주차장,"공대(공과대학) 5호관 옆에 지쿠터 주차장이 있습니다. 
공대 5호관 인근 지쿠터 주차장은 중앙도서관과 가깝습니다. 
공대(공과대학) 5호관 근처의 지쿠터 주차장에서 지쿠터가 필요한 사람들은 찾아서 사용할 수 있습니다. 
공대(공과대학) 5호관 지쿠터 주차장은 다른 공대들과 가깝지 않습니다.","35.847326, 127.131654","공대 5호관 앞 지쿠터 주차장으로 음식을 배달해 주세요.
공대 5호관 앞 흡연 정자 주변 지쿠터 주차장에서 친구를 만나려고 합니다. 그곳을 어떻게 찾을 수 있나요?
공대 5호관 앞 지쿠터 주차장 근처 공대 편의점으로 물건을 보내려고 합니다. 정확한 위치를 알려주실 수 있나요?
공대 5호관 정문 앞 지쿠터 주차장에서 소포를 받으려고 합니다. 여기는 어디인가요?
공대 5호관 근처 지쿠터 주차장의 위치는 어디인가요?
공대 5호관 앞 지쿠터 주차장 근처에서 손님을 기다리고 있습니다. 여기의 정확한 위치는 말해주세요.
공대 5호관 앞 지쿠터 주차장으로 와주세요.
공대 5호관 앞 지쿠터 주차장에서 만날 예정인데, 그곳에 어떻게 도착할 수 있나요?
공대 5호관 앞 지쿠터 주차장에서 만나요.
공대 5호관 앞 지쿠터 주차장에서 내일 만나기로 했습니다. 이곳은 어디인가요?",
pm주차장7,공대(공과대학) 6호관 정문 지쿠터 주차장,"공대(공과대학) 6호관 정문 앞에 지쿠터 주차장이 있습니다. 
지쿠터로 가득한 공대(공과대학) 6호관 정문 주차장 앞에는 정자와 벤치가 있습니다. 
공대(공과대학) 6호관 정문 인근의 지쿠터 주차장 옆에는 보건소가 있습니다. 
공대(공과대학) 6호관 정문 바로 앞에 위치한 지쿠터 주차장 앞에서 흡연하는 학생들이 많습니다.","35.8468, 127.1345","공대 6호관 정문 앞 지쿠터 주차장은 어디에 있나요?
공대 6호관 정문 앞에 있는 지쿠터 주차장으로 배달해주세요.
공대 6호관 정문 앞 지쿠터 주차장에서 음식을 받기로 했는데 그 곳이 어디인가요?
공대 6호관 정문 지쿠터 주차장에서 친구를 만날 예정인데, 어떻게 찾아갈 수 있을까요?
공대 6호관 정문 앞 지쿠터 주차장의 위치를 정확히 알려주실 수 있나요?
공대 6호관 정문 근처에 있는 지쿠터 주차장에서 모이기로 했습니다.
공대 6호관 정문 앞에 있는 지쿠터 주차장에 지쿠터를 보관해주세요.
공대 6호관 정문 쪽 지쿠터 주차장으로 와주세요.
공대 6호관 정문 앞 지쿠터 주차장의 위치정보를 줘.
공대 6호관 정문 쪽 벤치 주변 지쿠터 주차장을 알려줘.",
pm주차장8,공대(공과대학) 6호관 후문 지쿠터 주차장,"공대(공과대학) 6호관 후문에 지쿠터 주차장이 있습니다. 
공대(공과대학) 6호관 후문 앞의 지쿠터 주차장은 후생관 정문 앞에 위치합니다. 
학생들이 쉽게 접근할 수 있는 공대(공과대학) 6호관 후문 지쿠터 주차장은 사용자가 많습니다. 
공대(공과대학) 6호관 후문 계단 앞에 지쿠터를 주차할 수 있습니다.","35.8471, 127.1343","공대 6호관 후문 지쿠터 주차장으로 배달해주세요.
공대 6호관 후문 앞 지쿠터 주차장이 후생관 정문 앞에 위치해있는지 확인할 수 있을까요?
학생들이 자주 이용하는 공대 6호관 후문 지쿠터 주차장은 어디에 있나요?
공대 6호관 후문 계단 앞에 지쿠터를 주차하시면 됩니다.
공대 6호관 후문 지쿠터 주차장으로 큰 소포를 배달하려고 하는데, 정확한 위치를 알려주실 수 있나요?
공대 6호관 후문 지쿠터 주차장의 위치를 알려주세요.
공대 6호관 후문 지쿠터 주차장에서 손님을 기다리고 있습니다.
공대 6호관 후문 지쿠터 주차장의 위치 정보를 주세요.
공대 6호관 후문 지쿠터 주차장에서 만날 예정인데, 그곳은 어디인가요?
공대 6호관 후문 근처에 있는 지쿠터 주차장에 지쿠터를 보관해주세요.",
pm주차장9,공대(공과대학) 7호관 정문 지쿠터 주차장,"공대(공과대학) 7호관 정문 앞에 지쿠터 주차장이 있습니다. 
공대 7호관 정문 앞 주차장은 교수 주차장 옆에 있습니다. 
공대(공과대학) 7호관 정문 인근의 지쿠터 주차장 근처에 흡연 부스가 있습니다. 
공대(공과대학) 7호관 정문 바로 옆 지쿠터 주차장 근처에 정자가 있습니다.","35.8463, 127.1339","공대 7호관 정문 앞 지쿠터 주차장으로 배달해주세요.
공대 7호관 정문 앞 지쿠터 주차장이 후생관 정문 앞에 위치해있는지 확인할 수 있을까요?
학생들이 자주 이용하는 공대 7호관 정문 앞 지쿠터 주차장은 어디에 있나요?
공대 7호관 정문 앞 계단 앞에 지쿠터를 주차하시면 됩니다.
공대 7호관 정문 앞 지쿠터 주차장으로 큰 소포를 배달하려고 하는데, 정확한 위치를 알려주실 수 있나요?
공대 7호관 정문 앞 지쿠터 주차장의 위치를 알려주세요.
공대 7호관 흡연구역 근처의 지쿠터 주차장으로 와주세요.
공대 7호관 정문 근처 지쿠터 주차장의 위치 정보를 주세요.
공대 7호관 정문 앞 지쿠터 주차장에서 만날 예정인데, 그곳은 어디인가요?
공대 7호관 정문 쪽에 있는 지쿠터 주차장에 지쿠터를 보관해주세요.",
흡연구역1,공대(공과대학) 1호관 정문 흡연구역,"공대(공과대학) 1호관 정문 앞에 흡연구역에서 사람들이 담배를 핍니다.
공대(공과대학) 1호관 정문 앞 흡연구역은 흡연부스도 설치되어 있습니다.
 공대(공과대학) 1호관 정문에 위치한 흡연구역에서는 바위들이 많습니다. 
공대(공과대학) 1호관 정문 인근의 흡연구역은 앞에는 현수막들이 걸려있습니다.","35.8462, 127.1331","공대 1호관 정문 앞 흡연구역으로 배달해주세요.
흡연부스가 설치된 공대 1호관 정문 앞 흡연구역에서 담배를 피세요.
공대 1호관 정문 바위 근처에 있는 흡연구역은 어디인가요?
현수막들이 걸려있는 공대 1호관 정문 인근 흡연구역으로 물건을 주문하고 싶어요.
공대 1호관 정문 앞 흡연구역으로 와주세요.
공대 1호관 흡연부스는 어디있나요?
공대 1호관 정문 인근의 흡연구역을 알려주세요.
공대 1호관 정문 흡연구역에서 기다리고 싶은데, 정확한 위치는 어디인가요?
공과대학 1호관 정문 앞 흡연구역에서 물건을 받아오기 위해 위치가 필요합니다.
공대 1호관 앞에 담배를 필 수 있는 곳을 알려주세요.",
흡연구역2,공대(공과대학) 6호관 정문 흡연구역,"공대(공과대학) 6호관 정문 앞에 흡연구역에서 사람들이 담배를 핍니다.
공대(공과대학) 6호관 정문 흡연구역에는 정자와 벤치가 있습니다. 
공대(공과대학) 6호관 정문 흡연구역 앞에는 교수 주차장이 있습니다. 
공대(공과대학) 6호관 정문 앞 흡연구역을 지나 공대 7호관으로 이동할 수 있습니다.","35.8467, 127.1342","공대 6호관 정문 앞 흡연구역으로 배달해주세요.
공대 6호관 정문 앞 흡연구역에서 담배를 피세요.
공대 6호관 근처 벤치가 있는 흡연구역이 있나요?
정자가 있는 공대 6호관 정문 인근 흡연구역으로 물건을 주문하고 싶어요.
공대 6호관 정문 앞 흡연구역으로 와주세요.
공대 6호관 흡연하는 곳은 어디있나요?
공대 6호관 정문 인근의 흡연구역을 알려주세요.
공대 6호관 정문 흡연구역에서 기다리고 싶은데, 정확한 위치는 어디인가요?
공과대학 6호관 정문 앞 흡연구역에서 물건을 받아오기 위해 위치가 필요합니다.
공대 6호관 앞에 담배를 필 수 있는 곳을 알려주세요.",
흡연구역3,공대(공과대학) 7호관 흡연구역,"공대(공과대학) 7호관 옆에 흡연구역에서 사람들이 담배를 핍니다. 
공대(공과대학) 7호관 인근의 흡연구역은 공대 비행기 근처에 있습니다. 
공대(공과대학) 7호관 흡연구역은 흡연부스도 설치되어 있습니다. 
공대(공과대학) 7호관 근처 흡연구역 옆에 쓰레기통이 설치되어 있습니다.","35.846279, 127.133760","공대 7호관 옆 흡연구역으로 배달해주세요.
공대 7호관 정문 앞 흡연구역에서 담배를 피세요.
공대 7호관 근처 벤치가 있는 흡연구역이 있나요?
정자가 있는 공대 7호관 정문 인근 흡연구역으로 물건을 주문하고 싶어요.
공대 7호관 정문 앞 흡연구역으로 와주세요.
공대 7호관 흡연부스는 어디있나요?
공대 7호관 정문 인근의 흡연구역을 알려주세요.
공대 7호관 정문 흡연구역에서 기다리고 싶은데, 정확한 위치는 어디인가요?
공과대학 7호관 비행기 근처 흡연구역에서 기다리세요.
공대 7호관 근처에 담배를 필 수 있는 곳을 알려주세요.",
흡연구역4,중앙도서관 앞 흡연구역,"중앙도서관 정문 앞에 흡연구역에서 사람들이 담배를 핍니다.
중앙도서관 앞 흡연구역은 벤치와 정자가 있습니다.
중앙도서관 흡연구역 옆에는 농대로 가는 길이 있습니다. 
중앙도서관 근처 흡연구역에는 자판기가 있습니다.","35.848550, 127.131375","중앙도서관 정문 앞에서 담배를 피고 싶은데 어디에서 펴야할까요?
중앙도서관 정문 앞에 있는 흡연구역으로 가주세요.
중앙도서관 정문 앞 흡연구역은 어디에 있나요?
중앙도서관 흡연구역에서 친구를 만날 예정인데, 어떻게 찾아갈 수 있을까요?
중앙도서관 정문 쪽 흡연구역의 위치를 정확히 알려주실 수 있나요?
중앙도서관에 있는 흡연구역에서 모이기로 했습니다.
중앙도서관 정문 앞 흡연구역을 알려주세요.
중앙도서관 정문 앞 흡연구역에서 기다리고 싶은데, 정확한 위치는 어디인가요?
중앙도서관 정문 앞 흡연구역에서 만나요.
중앙도서관 정문 앞에서 담배를 필 수 있는 곳을 알려주세요.",
흡연구역5,농대(농생대) 본관 흡연구역,"농대(농생대) 본관 앞에 흡연구역이 있습니다. 
농대(농생대) 본관 인근의 흡연구역에는 정자와 벤치가 있습니다. 
농대(농생대) 본관 근처 흡연구역은 농대 본관으로 들어가는 길에서 오른쪽(우측)에 위치하고 있습니다. 
농대(농생대) 본관 흡연구역에서 사람들이 담배를 핍니다.","35.849272, 127.132622","농대 본관 앞 흡연구역으로 배달해주세요.
농대 본관 앞 흡연구역에서 담배를 피세요.
농대 본관 앞 근처 벤치가 있는 흡연구역이 있나요?
정자가 있는 농대 본관 앞 정문 인근 흡연구역으로 물건을 주문하고 싶어요.
농대 본관 앞 흡연구역으로 와주세요.
농대 본관에 담배피는 곳은 어디있나요?
농대 본관 정문 인근의 흡연구역을 알려주세요.
농대 본관 근처의 흡연구역에서 기다리고 싶은데, 정확한 위치는 어디인가요?
농대 본관 앞 흡연구역에서 물건을 받아오기 위해 위치가 필요합니다.
농대 본관 앞에 담배를 필 수 있는 곳을 알려주세요.",
흡연구역6,농대(농생대) 4호관 흡연구역,"농대(농생대) 4호관 앞에는 흡연구역이 있습니다. 
농대(농생대) 4호관 근처 흡연구역은 제2도서관과 가깝습니다. 
농대(농생대) 4호관 인근의 흡연구역은 정자와 벤치가 있습니다. 
농대(농생대) 4호관 흡연구역에서 사람들이 담배를 핍니다.","35.848205, 127.135893","농대 4호관 앞 흡연구역으로 배달해주세요.
농대 4호관 앞 흡연구역에서 담배를 피세요.
농대 4호관 앞 근처 벤치가 있는 흡연구역이 있나요?
정자가 있는 농대 4호관 앞 정문 인근 흡연구역으로 물건을 주문하고 싶어요.
농대 4호관 앞 흡연구역으로 와주세요.
농대 4호관에 담배피는 곳은 어디있나요?
농대 4호관 정문과 제2도서관 인근의 흡연구역에는 정자가 있다는데 어디인가요?
농대 4호관 근처의 흡연구역에서 기다리고 싶은데, 정확한 위치는 어디인가요?
농대 4호관 앞 흡연구역에서 물건을 전달해주세요.
농대 4호관 앞에 담배를 필 수 있는 곳을 알려주세요.",
공간1,공대(공과대학) 8호관 원형 건물,"공대(공과대학) 8호관 앞에 원형 건물이 있습니다. 
공대 8호관 계단 옆에 원형 부속 건물이 있습니다. 
원형 구조의 공대(공과대학) 8호관 건물은 내부가 투명하게 보입니다. 
공대(공과대학) 8호관의 정문 앞에 건물이 있습니다.","35.8488, 127.1343","공대 8호관 앞에 위치한 원형 건물의 정확한 위치는 어디인가요?
공대 8호관 주변에서 원형 건물을 어떻게 찾을 수 있나요?
공대 8호관 앞 원형 건물로 가려면 어느 방향으로 가야 하나요?
공대 8호관 근처에서 원형 건물에 접근하는 가장 좋은 경로는 무엇인가요?
공대 8호관 정문에서 바라본 원형 건물의 위치를 알려주실 수 있나요?
공대 8호관 근처에 있는 원형 건물은 어느 쪽에 위치하고 있나요?
공대 8호관에서 원형 건물로 음식을 배달해주세요.
공대 8호관 앞의 원형 건물로 물건을 전달하려는데 어디에 있나요?
공대 8호관 근처에서 원형 건물을 방문하려고 하는데, 위치 안내를 받을 수 있나요?
공대 8호관과 가까운 원형 건물은 어디에 자리잡고 있나요?",
공간10,공대(공과대학) 4호관 암석공원,"자연대(자연과학대학) 4호관 앞에 암석공원이 있습니다. 
암석공원, 자연대(자연과학대학) 4호관 근처에 자리 잡은 이곳에는 돌들이 있습니다.
자연대(자연과학대학) 4호관 암석공원 가운데에 길이 있습니다. 
자연대(자연과학대학) 4호관 인근의 암석공원 옆에는 큰 길로 내려가는 계단이 있습니다.","35.848122, 127.133777","자연대 4호관 앞에 있는 암석공원의 정확한 위치는 어디인가요?
자연대 4호관 근처에 돌이 많고 계단이 있는 곳을 알려주세요.
자연대 4호관 암석공원에서 행사를 진행합니다.
자연대 4호관 앞에 돌들이 많고 계단이 있는 곳이 있다는데 어디인가요?
자연대 4호관 근처 암석공원으로 배달해주실 수 있나요?
자연대 4호관 근처 암석공원을 아시나요?
자연대 4호관 암석공원으로 가주세요.
자연대 4호관 암석공원으로 물건을 전달하려는데 어디에 있나요?
자연대 4호관 암석공원을 방문하려고 하는데, 위치 안내를 받을 수 있나요?
자연대 4호관 앞에 있는 암석공원로 모일게요.",
공간2,자연대(자연과학대학) 2호관 부속 건물,"자연대(자연과학대학) 2호관 앞에 부속 건물이 있습니다. 
자연대(자연과학대학) 2호관의 부속 건물은 사용하지 않는 낡은 건물입니다. 
자연대(자연과학대학) 2호관 부속 건물 앞에 있는 골목길에 꽃이 피어있습니다. 
자연대(자연과학대학) 2호관 부속 건물 옆에는 벤치가 있습니다.","35.844909, 127.129086","자연대 2호관 앞에 있는 부속 건물로 음식을 배달해주세요.
자연대 2호관의 낡은 부속 건물 앞에서 친구를 만나려고 합니다. 어디에 있나요?
자연대 2호관 부속 건물 앞 골목길에 피어있는 꽃을 보러 가고 싶습니다. 정확한 위치를 알려주세요.
자연대 2호관 부속 건물 옆 벤치에서 소포를 받으려고 합니다. 여기는 어디인가요?
자연대 2호관 부속 건물로 가주세요.
자연대 2호관 부속 건물 근처에서 손님을 기다리고 있습니다. 여기는 어디인가요?
자연대 2호관 부속 건물의 위치를 제공해주세요.
자연대 2호관 부속 건물에서 만날 예정인데, 그곳에 어떻게 도착할 수 있나요?
자연대 2호관 부속 건물 근처에서 행사를 진행합니다.
자연대 2호관 부속 건물로 모여주세요.",
공간3,중앙도서관 잔디밭,"중앙도서관 앞에 잔디밭이 있습니다. 
중앙도서관 근처 잔디밭에서는 학기 중에 다양한 행사들이 활발하게 이루어집니다.
중앙도서관 인근의 잔디밭에는 커다란 현수막이 걸려있습니다. 
중앙도서관 바로 앞 잔디밭에는 자전거 보관함이 있습니다.
중앙도서관 잔디밭는 학생들이 대규모 행사를 열 때 자주 사용하는 공간입니다. 
중앙도서관 인근의 넓은 잔디밭은 졸업하는 학생들이 자주 사진을 찍는 장소입니다. ","35.848133, 127.130967","중앙도서관 앞에 있는 잔디밭으로 배달해주세요.
중앙도서관 앞 잔디밭에서 친구를 만나려고 합니다. 어디에 있나요?
중앙도서관 앞에 있는 잔디밭의 정확한 위치를 알려주세요.
중앙도서관 앞 잔디밭에서 소포를 받으려고 합니다. 여기는 어디인가요?
중앙도서관 앞에 있는 잔디밭으로 가주세요.
중앙도서관 앞 잔디밭에서 손님을 기다리고 있습니다. 여기는 어디인가요?
중앙도서관에 있는 잔디밭에서 행사를 진행합니다.
중앙도서관에 있는 잔디밭에서 만날 예정인데, 그곳에 어떻게 도착할 수 있나요?
중앙도서관에 있는 잔디밭은 어디를 말하는건가요?
중앙도서관에 근처 잔디밭으로 모여주세요.",
공간3,중앙도서관 공터,"중앙도서관 앞에 공터가 있습니다. 
중앙도서관 공터는 학생들이 대규모 행사를 열 때 자주 사용하는 공간입니다. 
중앙도서관 인근의 넓은 공터는 졸업하는 학생들이 자주 사진을 찍는 장소입니다. 
중앙도서관 인근의 공터에는 커다란 현수막이 걸려있습니다. 
중앙도서관 옆의 공터는 학생들이 자주 산책합니다. 중앙도서관 근처 공터에서는 학기 중에 다양한 행사들이 활발하게 이루어집니다.","35.848133, 127.130967","중앙도서관 앞에 있는 공터로 배달해주세요.
중앙도서관 앞 공터에서 사진을 찍으려고 합니다. 어디에 있나요?
중앙도서관 앞에 있는 공터의 정확한 위치를 알려주세요.
중앙도서관 앞 공터에서 소포를 받으려고 합니다. 여기는 어디인가요?
중앙도서관 앞에 있는 공터로 가주세요.
중앙도서관 앞 공터에서 손님을 기다리고 있습니다. 여기는 어디인가요?
중앙도서관에 있는 공터에서 행사를 진행합니다.
중앙도서관에 있는 공터에서 만날 예정인데, 그곳에 어떻게 도착할 수 있나요?
중앙도서관에 있는 공터은 어디를 말하는건가요?
중앙도서관에 근처 공터로 모여주세요.ㅁ",
공간4,목재응용과학과 학생회실,"목재응용과학과 학생회실은 농대 안에 있습니다. 
목재응용과학과의 학생회실은 농대 4호관 뒤에 있습니다. 
목재응용과학과 학생들의 학생회실로, 작은 컨테이너 같은 건물입니다. 
목재응용과학과 학생회실은 목재응용학과 강의실과 다른 건물에 있습니다.","35.848755, 127.135684","목재응용학과 학생회실로 음식을 배달해주세요.
목재응용학과 학생회실 앞에서 친구를 만나려고 합니다. 어디에 있나요?
목재응용학과 학생회실의 정확한 위치를 알려주세요.
목재응용학과 학생회실에서 소포를 받으려고 합니다. 여기는 어디인가요?
목재응용학과 학생회실로 가주세요.
목재응용학과 학생회실 근처에서 손님을 기다리고 있습니다. 여기는 어디인가요?
컨테이너처럼 생긴 목재응용학과 학생회실로 와주세요.
목재응용학과 학생회실에서 만날 예정인데, 그곳에 어떻게 도착할 수 있나요?
목재응용학과 학생회실에서 행사를 진행합니다.
목재응용학과 학생회실 건물로 모여주세요.",
공간5,농대(농생대) 캠퍼스 텃밭과 중앙도서관 사이 농구골대가 있는 공터,"농대(농생대) 캠퍼스 텃밭과 중앙도서관 사이에 농구골대가 있는 공터가 있습니다. 
중앙도서관과 농대(농생대) 캠퍼스 텃밭 사이의 농구골대가 있는 공터는 사용하고 있지 않습니다. 
농대(농생대) 캠퍼스 텃밭과 중앙도서관 사이 공터의 농구골대가 있는 공터에는 지름길들이 있습니다. 
중앙도서관 인근과 농대(농생대) 캠퍼스 텃밭 사이에 있는 농구골대가 설치된 공터 근처에 원형 건물이 있습니다.","35.849149, 127.129922","농생대 캠퍼스 텃밭과 중앙도서관 사이 농구골대가 있는 공터로 음식을 배달해주세요.
캠퍼스 텃밭과 중앙도서관 사이 농구골대가 있는 공터 앞에서 친구를 만나려고 합니다. 어디에 있나요?
캠퍼스 텃밭과 중앙도서관 사이 농구골대가 있는 공터의 정확한 위치를 알려주세요.
농대 캠퍼스 텃밭과 중앙도서관 사이 농구골대가 있는 공터에서 물건을 받으려고 합니다. 여기는 어디인가요?
농대 텃밭과 중앙도서관 사이 농구골대가 있는 공터 학생회실로 가주세요.
농대 캠퍼스 텃밭과 중앙도서관 사이에 있는 공터 근처에서 손님을 기다리고 있습니다. 여기는 어디인가요?
농대 캠퍼스 텃밭과 중앙도서관 사이 농구골대가 있는 공터로 와주세요.
농대 캠퍼스 텃밭과 중앙도서관 사이 농구골대가 있는 공터에서 만날 예정인데, 그곳에 어떻게 도착할 수 있나요?
농대 캠퍼스 텃밭과 중앙도서관 사이에 있는 공터에서 행사를 진행합니다.
농대 캠퍼스 텃밭과 중앙도서관 근처 농구골대가 있는 곳으로 모여주세요.",
공간6,캠퍼스 텃밭1 쉼터,"캠퍼스 텃밭1 옆에 쉼터가 있습니다. 
캠퍼스 텃밭1의 쉼터에서 종종 작물들을 팝니다. 
캠퍼스 텃밭1의 쉼터는 농대와 가깝습니다. 
캠퍼스 텃밭1 쉼터는 수도작실습포장 옆에 있습니다.","35.849993, 127.130197","캠퍼스 텃밭1 옆 쉼터로 음식을 배달해 주실 수 있나요?
캠퍼스 텃밭1으로 배달해주세요.
캠퍼스 텃밭1 쉼터가 농대와 가까운데, 그곳은 어디에 있나요?
수도작실습포장을 지나서 캠퍼스 텃밭1을 가려는데 어디인가요?
캠퍼스 텃밭1 쉼터에서 친구를 만나기로 했습니다. 그곳은 어디인가요?
캠퍼스 텃밭1 쉼터로 큰 소포를 배달하려고 하는데, 정확한 위치를 알려주실 수 있나요?
캠퍼스 텃밭1 쉼터에서 만나요.
캠퍼스 텃밭1 쉼터 근처에서 손님을 기다리고 있습니다. 위치를 제공해주세요.
캠퍼스 텃밭1 쉼터에 와주세요.
캠퍼스 텃밭1 쉼터에서 만날 예정인데, 그곳이 어디인지 알려주세요.",
공간7,캠퍼스 텃밭2 쉼터,"캠퍼스 텃밭2 옆에 쉼터가 있습니다. 
캠퍼스 텃밭2의 쉼터에서 종종 작물들을 팝니다. 
캠퍼스 텃밭2의 쉼터는 비닐하우스 단지 옆에 있습니다. 
캠퍼스 텃밭2 쉼터는 전작실습포장 근처에 있습니다.","35.849699, 127.129095","캠퍼스 텃밭2 옆 쉼터로 음식을 배달해 주실 수 있나요?
캠퍼스 텃밭2으로 배달해주세요.
비닐하우스 단지 옆 캠퍼스 텃밭2는, 그곳은 어디에 있나요?
전작실습포장 근처에 있는 캠퍼스 텃밭2를 가려는데 어디인가요?
캠퍼스 텃밭2 쉼터에서 친구를 만나기로 했습니다. 그곳은 어디인가요?
캠퍼스 텃밭2 쉼터로 큰 소포를 배달하려고 하는데, 정확한 위치를 알려주실 수 있나요?
캠퍼스 텃밭2 쉼터에서 만나요.
캠퍼스 텃밭2 쉼터 근처에서 손님을 기다리고 있습니다. 위치를 제공해주세요.
캠퍼스 텃밭2 쉼터에 와주세요.
캠퍼스 텃밭2 쉼터에서 만날 예정인데, 그곳이 어디인지 알려주세요.",
공간8,농대(농생대) 실습장 공터,"농대(농생대) 실습장에 사용하지 않는 공터가 있습니다. 
농대(농생대) 실습장 옆 공터는 농대 부속농장 가장 끝에 있습니다. 
농대(농생대) 실습장 근처 공터는 부속농장에서 전혀 개발이 되지 않은 장소입니다. 
농대(농생대) 실습장 바로 옆에 위치한 공터는 학교 외곽에 위치해있습니다.","35.851084, 127.131568","농대(농생대) 실습장 내 사용되지 않는 공터로 배송해주세요.
농대 부속농장 가장 끝에 위치한 농대(농생대) 실습장 옆에 있는 공터의 위치는?
농대(농생대) 실습장 근처 공터가 부속농장에서 개발되지 않은 장소인데, 정확히 어디에 있나요?
농대 실습장 바로 옆에 위치한 학교 외곽 공터로 와주세요.
농대 실습장 공터에서 행사를 할 예정입니다.
농대 실습장 근처 공터의 정확한 위치 정보가 필요합니다.
농대 실습장 내의 공터는 어디에 있나요?
농대(농생대) 실습장 공터의 위치를 알려주세요.
농대(농생대) 실습장 공터 주변에 위치한 건물으로 배달부탁드려요.
농대(농생대) 실습장 공터에서 작물들을 팔고있으니 사러와주세요.",
공간9,원예실습포장 건물,"원예실습포장에 위치한 건물은 학생들이 다양한 원예 실습을 진행하는 장소입니다. 
원예실습포장 농대 부속농장에 있습니다. 
부속농장 비닐하우스 단지 주변에 원예실습포장 건물이 있습니다. 
원예실습포장 건물은 교직원들이 사용합니다.","35.851065, 127.130626","원예실습포장이 위치한 이곳에 음식 배달을 부탁드려요.
원예실습포장은 농대 부속농장 어디에 있나요?
부속농장 비닐하우스 단지 주변에 있는 원예실습포장 건물의 정확한 위치를 알려주세요.
원예실습포장 건물로 와주세요.
원예실습포장에서 학생들이 원예 실습을 주로 진행하는 곳이 있나요?
원예실습포장 농대 부속농장에 농산물을 판매하고 있습니다. 다들 확인해주세요.
원예실습포장 건물로 배달해주세요.
원예실습포장 건물은 어디에 있나요?
원예실습포장 건물에 대한 위치 정보를 알 수 있을까요?
원예실습포장 농대 부속농장 주변에 있는 원예 관련 행사에 대한 정보를 알려주세요.",
공간9,농대(농생대) 실습장 공터 근처 건물,"농대(농생대) 실습장 공터 근처에 건물이 있습니다.
 농대(농생대) 실습장 공터 인접한 건물에서는 다양한 농업 관련 업무를 봅니다. 
농대(농생대) 실습장 공터 바로 옆 건물은 농대 부속농장에 있습니다. 
농대(농생대) 실습장 공터 근처의 건물에서 훈산건지하우스가 보입니다.","35.851065, 127.130626","농대 부속농장에 있는 건물로 배달해주세요.
농대(농생대) 실습장 공터 인접한 건물에서 농업 관련 업무를 하러 가야합니다.
농대(농생대) 실습장 공터 바로 옆 건물에서 물건을 배달받고 싶습니다.
농생대 부속농장 근처 건물에서 행사를 진행합니다.
농대(농생대) 실습장 공터 근처에 훈산건지하우스가 보이는 건물은 어디인가요?
농대 실습장 공터 근처 건물에서 모일건데 위치가 어디인가요?
농대(농생대) 실습장 공터 인접한 건물에 배달해주세요.
농대 부속농장 근처에 건물이 있나요?
농대(농생대) 실습장 공터 근처 건물은 어디인가요?
농생대 실습장 공터 인접한 건물에 대한 정보를 주세요.",
교내상가1,공대(공과대학) 편의점,"공대(공과대학) 편의점은 공대 1호관 뒤편에 있습니다. 
공대(공과대학) 건물 내에 위치한 편의점 옆에는 인쇄소가 있습니다. 
공대(공과대학) 편의점 앞에 벤치가 많습니다. 
공대(공과대학) 인근에 있는 편의점에서는 학생들이 모여 간단한 식사를 즐깁니다.","35.8466, 127.1325","공과대학 편의점에서 음식 배달해주세요.
공대 건물 내 편의점으로 물건을 주문했습니다
공대 1호관 뒤 편의점 인근에 인쇄소가 있는데 참고해서 공대 편의점으로 와주세요.
공대 편의점 앞 벤치에서 모임을 갖고 싶은데, 와주실 수 있나요?
공대(공과대학) 편의점은 어디있어?
편의점 앞 벤치에서 친구를 만나려는데 공대 편의점은 어디있어?
공대 편의점은 어디인가요? 배달 시 참고하려고 합니다.
공대 1호관 뒤쪽에 있는 편의점으로 와주세요.
공대 1호관 편의점은 어디인가요?
공대 편의점에서 행사를 진행합니다.",